id,text,sentiment,mixing_level,Fine-tuned XLM-R (ours),XLM-R Twitter Sentiment (general),mBERT Multilingual (general),mBERT Nepali Sentiment (Nepal-aware)
24440,really right person dinesh sharma regmi,Positive,high,Positive,Positive,Positive,Positive
22099,while no hero haruma malak saba banda man parne dinesh saha 😍,Positive,high,Positive,Positive,Negative,Negative
11299,"amit and preeti today performance was awesome,sachai kati chado sakio 🤩😘",Positive,medium,Positive,Positive,Positive,Positive
23246,1/2 futtte nacheko sadikchy sanga hahahaha 🤣😂🤣 lastai comedy,Neutral,medium,Negative,Positive,Negative,Negative
18090,jaba samma minority hunxa muslim taba samma matra respect hunxa... majority huna da ani nepali janta haru tha pauxas,Negative,medium,Negative,Negative,Negative,Negative
22257,ma indian ma kam garna lageko 27 years bhayau sir ke hajur me malai ta indian hos bhanne ? plz i want to know,Neutral,high,Neutral,Neutral,Negative,Neutral
27964,get readi to face nala bandi in nepal,Neutral,high,Neutral,Neutral,Positive,Positive
27641,rupak sapkota dai nema sundai ma chhati chaudh vyrw aaux,Positive,medium,Neutral,Negative,Neutral,Negative
14419,these top leaders are so good at acting infront of camera and public. 🥱 maha nayak raj dai lai pani acting ko class dhina sakcha. 😅,Negative,high,Positive,Positive,Positive,Positive
18735,psychologist banna na khojam na santoshji 21 ra 27 aautai age group ma par6.... my wife is 9 yrs younger than me still i am romantic......,Neutral,high,Neutral,Neutral,Neutral,Positive
26240,yi naniharu t jyadai xuchchi raxan ni gather! i anyway nice dance,Negative,high,Positive,Positive,Negative,Neutral
18024,11ko exam chai kina continue ho k 11 kaa lai corona lagdaiena,Negative,high,Neutral,Neutral,Positive,Neutral
27630,bichara innocent ba aama ❤😍😭,Neutral,high,Neutral,Positive,Negative,Negative
13094,asle acting garna janena sishir daji......,Negative,low,Positive,Negative,Negative,Positive
20005,fuck this rabita regmi,Negative,medium,Negative,Negative,Negative,Negative
27636,facebook voters chai dherai dekhiyo tara kaam lagne voters haru vaneko tyoi ktm vitra xan so heram,Neutral,low,Neutral,Negative,Negative,Neutral
26053,boycott buwan phuyal nawal bohara,Negative,medium,Negative,Negative,Negative,Negative
13606,la number ma call aauda chi messenger bg chai dekhaun hw baini kin jhut bole ko,Neutral,high,Neutral,Neutral,Negative,Neutral
20570,1000% true saleen sir salutes aaimaii ko sabaii vanda thulo pida souta ho pakaka,Neutral,medium,Positive,Positive,Positive,Negative
21869,sabai bhanda khusi chu .yo jodi ko safalta dhekyra asu thamna sakidaina.what a guts ❤️💝❣️🙏,Positive,medium,Positive,Positive,Negative,Negative
24214,25 barsa samma develop garena ajai 5yrs jitaune re,Negative,medium,Neutral,Negative,Negative,Neutral
23400,long live gyanenda ji with your real progressive agenda.,Positive,high,Positive,Positive,Positive,Positive
25763,voice of season 4 ko host raj dai vaya ramaelo hunthiyo ki,Neutral,high,Positive,Positive,Positive,Negative
12153,yo budo ko ho tassi jossayxa nepal ko,Neutral,high,Negative,Negative,Negative,Neutral
26018,very satisfied with nimsang dai ko answer !!,Positive,high,Positive,Positive,Positive,Positive
18376,yo moti kati comedy gharako,Negative,medium,Negative,Negative,Neutral,Neutral
16054,you are an example for every single mom aba sayad dherai ma himmat auxa hola hjrlai dekhera,Positive,high,Positive,Positive,Negative,Negative
24717,haina yo kinemaster le quality edit garxa yo purai manxe badalne kaam kaha garna sakxa ho jpt vandine,Neutral,medium,Negative,Positive,Negative,Neutral
13245,renisha mam le kasto ramro comment garnu hunxa i love very much renisha mam,Positive,high,Positive,Positive,Positive,Positive
12890,i am here for just gaurav bro yar. amazing myan keep it up haii 👍.,Positive,high,Positive,Positive,Positive,Positive
24244,absolutely right dr ruit,Positive,high,Positive,Neutral,Positive,Positive
18065,here we have a xakka ayushman 😎,Negative,high,Neutral,Positive,Positive,Neutral
25255,not only dharanea ....nepali should learn,Neutral,high,Neutral,Negative,Positive,Positive
14417,kam paena oh khali interview,Negative,medium,Negative,Negative,Negative,Neutral
12394,fake media fake journalist fake tiktoker nonsense,Negative,high,Negative,Negative,Negative,Negative
25088,pari jamuna sarei ramro lagyo 🤗🙏❤️❤️❤️,Positive,medium,Positive,Positive,Negative,Positive
24356,khate aanpazii rip sale,Negative,high,Negative,Negative,Negative,Neutral
27258,dealerlai samat na muji cops tespaxi user lai samatera k garxas,Negative,medium,Negative,Neutral,Negative,Neutral
10631,timaru sabai chor ho,Negative,medium,Negative,Negative,Neutral,Negative
25613,aakar sir cool hunuhudo rahexa go ahead,Positive,high,Positive,Positive,Positive,Negative
12573,babaji ko kur chi ho kk,Neutral,high,Neutral,Negative,Neutral,Neutral
27114,"o hello kt , 12.30 ma after shooting and dinner modeling field ko manche face wash lina majja le jana sakcha tero jasto 8 baje nai bed tira jane life nahola ni ta ho",Negative,high,Neutral,Neutral,Negative,Neutral
17144,taita katti handsome manxe lai xodeki ta bichara tyo nani ko bigok god bless you nanu 😘,Neutral,medium,Positive,Positive,Positive,Negative
18836,"veary appriciable, ballet for below 60, years, people wants change this is dreams of all nepali people. jaya janani matri bhui nepal.",Positive,high,Neutral,Positive,Positive,Positive
10282,khali english word use gareko xa secand budo lai sunayako ho ki,Negative,medium,Negative,Negative,Negative,Neutral
12828,yo kukur rw kukurni rhex ghar ma ktti ramro budi rw xora huda ni,Negative,medium,Negative,Negative,Negative,Neutral
24821,samay le sabai sikaux but its good job parisaram garnu fal ak din avasya paunu hunx kei apthero pare hami xau satha ma,Positive,medium,Positive,Positive,Neutral,Negative
26419,aasu jharyo first time interview herera 😢,Neutral,high,Neutral,Negative,Negative,Positive
23789,yo outdated weapons lai museum ma rakhe ramro..tehi pani yo hunu nahunu kunai artha naraixa...,Neutral,high,Negative,Negative,Negative,Neutral
23626,amamama sahi gayendra dai very strong talk ❤,Positive,medium,Positive,Positive,Positive,Negative
16752,malai film board ko chair man diye hunx,Neutral,high,Neutral,Neutral,Negative,Neutral
17046,dherai khusi lagy true love never die,Positive,high,Positive,Positive,Positive,Negative
26993,m chalau xu ambulance service maile garchhu,Neutral,medium,Neutral,Negative,Negative,Neutral
31826,pilot le runway 12 magda kina 30 bhaneko?,Neutral,high,Neutral,Neutral,Negative,Neutral
19531,kanchn time aau farker hamlai temro maya x babu,Neutral,medium,Neutral,Negative,Negative,Neutral
20718,mugg family is important hunxa xa life ma vanne thaha xain mugg lai ali kati viral vaye paxi family lai nai birsyo mugg 💥🔥🖕🏿😠😡🤬,Negative,high,Negative,Negative,Negative,Negative
10389,malai mero teenage bata ekdam mann pareko manxe vivek singh thakuri ❤️,Positive,medium,Positive,Positive,Negative,Negative
26915,jagadish dai yo jodi lai naxutaunu plz yo jodi sangai vako herney mann xa 🙏😞,Neutral,medium,Neutral,Negative,Negative,Neutral
20322,"mug taile dekhis. yo von taile dekhis ki dekhanas yo malai von, sune ko bharma without proof jo bol6a tyo pagal ho ,think 100 times.",Negative,medium,Negative,Positive,Negative,Negative
31391,"bibek you r best choriographer, heads of u, dui ota dunga ma khutta halera nadi paar garna sakinna sirapa",Neutral,medium,Positive,Positive,Positive,Negative
15381,so bad acting buddy 😡 aafno xori ko jsto age vako sng bihe grer marera natak grxas.,Negative,medium,Negative,Negative,Negative,Neutral
12183,baini derai ramry rahexin + educated pani rahixin and innocent xin jasto lageyo baini honestly hunuko faida uthako jasto lageyo,Neutral,medium,Positive,Positive,Negative,Negative
24600,good..ekdam ramro..salute for your voice,Positive,high,Positive,Positive,Positive,Positive
24415,aryal what is this 🤔 teso bhaya euta geet gaunus 😡,Negative,medium,Negative,Negative,Positive,Negative
17915,dhoti hindi india ko bhasa ho. tyo sabai hindi bolne india bihari hun.,Negative,high,Negative,Negative,Negative,Neutral
22501,herna sakdina antim sammata nitesh sir..yo video..pahilo kasting hererai man bhakkaniyo mero..😂,Neutral,medium,Positive,Negative,Negative,Neutral
24061,game tt babaal nai rax ni hahahaha nc,Positive,medium,Negative,Positive,Negative,Neutral
12194,kati maya ho ne laure dai le,Positive,medium,Positive,Negative,Negative,Neutral
16004,yo good news ho nepali fucking people lagi i'm happy to 🎉 500 ma bikne masu vat ma bikne aba mero lado chus nepali people,Negative,high,Negative,Positive,Negative,Negative
27680,cangrsh ma sher bdr huni sama sabai party ek vayara pm hunu bata jogaunu parcha,Neutral,medium,Neutral,Negative,Negative,Negative
27977,no not again gulshan chaudhary bibek madhav jalanath upendra mahato,Negative,medium,Negative,Neutral,Negative,Negative
14686,last saiko vayaxa g.bob family ko mahato tha noi roinxa,Negative,medium,Neutral,Negative,Negative,Negative
26207,pahilo patak 1m views pandey ko hamalama jai ankit pandey,Neutral,low,Positive,Negative,Negative,Negative
18304,"nirmal bhatta ji, mahabharat is translated into 70 different languages and so as the well known novels to cover many people around the world. hajur ko biased bho logic.",Neutral,high,Neutral,Negative,Negative,Positive
26503,asta gatixada aaimai lai farker ni nahernu daii.xoddinu 😢,Negative,medium,Neutral,Negative,Negative,Neutral
19863,bichara nanuko k galti thiyora thukka papi 😭,Negative,low,Neutral,Negative,Negative,Neutral
24819,man vayesi dhan kam xina god bless u sis,Positive,high,Positive,Positive,Negative,Positive
25528,pawanadeep vai ko swar malai ek dam ramro lgx,Positive,medium,Positive,Positive,Negative,Neutral
12502,deri khushi pagyo ferri programme ma dekhera good job amrit dai 👍,Positive,medium,Positive,Positive,Positive,Negative
15423,omg summima out 🥹 day 1 dekhi ramro gardai awnu vako thiyo. yespali koi winner hola vaneko thye so sad 😞 don’t worry summima you are already winner for us. lots of love ❤️❤️❤️,Neutral,high,Neutral,Positive,Positive,Negative
27759,suprima ko ..... maan parx malai tw,Positive,low,Neutral,Negative,Negative,Neutral
16516,1 number ko fataha,Negative,high,Neutral,Neutral,Negative,Neutral
18664,bista great.rupak ass holl,Negative,high,Positive,Positive,Positive,Positive
24189,yoho nepal ama ko xori ankita choudhary 🇳🇵🇳🇵🇳🇵🇳🇵🇳🇵🇳🇵🇳🇵🇳🇵🇳🇵🇳🇵,Neutral,medium,Positive,Negative,Neutral,Negative
31845,yo prime minister ko sallakar ta kukur ho,Negative,high,Negative,Negative,Negative,Neutral
15835,bhaaatkai dea hunxa paryako ma bewordinxu,Negative,low,Negative,Positive,Negative,Neutral
31651,modern babaji ko lagi 1k like hai ta 😀👍,Neutral,high,Neutral,Positive,Positive,Neutral
25271,sapha garni kura ni garau n bro,Neutral,medium,Positive,Positive,Negative,Neutral
13050,great answer youraj sir,Positive,high,Positive,Positive,Positive,Positive
21031,yo sop lai corona lagos sop mug haru morun mlai k matlab xaina ...,Negative,high,Negative,Neutral,Negative,Neutral
12416,"dherai ramro km gar nu vayo dd,, tq xo much,, god bless you",Positive,medium,Positive,Positive,Negative,Positive
13349,machine lado jasto npl ko live chai kin nadiyako,Negative,high,Neutral,Negative,Positive,Neutral
15488,randi ko xori valu off the years 🇳🇵 nepal 🇳🇵😡,Negative,high,Negative,Negative,Positive,Neutral
14081,thapaliya 10 pass sanjeev structral engineer level mildaina aa,Negative,high,Neutral,Neutral,Neutral,Negative
24441,i still remember anuja agrawal in dancing reality show,Positive,high,Neutral,Neutral,Positive,Positive
16156,n arko kura season 1 vanda ekdam khattam xa yo season hernai alxi lagdo,Negative,medium,Negative,Positive,Negative,Neutral
27741,journalist ko j puni na jhannay journalist . this happens only in nepal.. uneducated pm n uneducated journ 😂,Negative,high,Negative,Negative,Negative,Negative
21933,nikala..aaur. lai na. chahene. kura.,Neutral,high,Negative,Negative,Negative,Negative
24957,k k hunxa yr herdoi 😂,Neutral,high,Negative,Negative,Neutral,Neutral
10858,true love is never perfect ki ta kta le dhoka dinxa kita kti le 🥺,Negative,medium,Neutral,Neutral,Positive,Neutral
31219,sumit gautam mero kando khau 😂,Negative,medium,Neutral,Positive,Negative,Positive
10442,jokarni rip.. rajesh hamal maha nayek hooo. u are right dai 🇳🇵🇳🇵🇳🇵🇳🇵🇳🇵♥️,Negative,high,Positive,Negative,Negative,Neutral
18248,kehe chai banxin hai yo nani bachna pain vany,Neutral,medium,Negative,Negative,Negative,Negative
11557,big news prabhat le kot paint xodexa aajha chai 😅,Neutral,medium,Neutral,Neutral,Negative,Neutral
31444,sano vai ko boli mn pro hai khaan dinxa pir ngraaa,Neutral,medium,Neutral,Negative,Negative,Neutral
13506,"very down to earth mr dip bdr pun salute to you 👋 tara ramesh ji ani katipaye participants haruko question ani way of asking man parena....kasaiko dignity ra self respect lai thes pugne aasayele prashna garnu sahi haina ra hudaina jasto malai lagxa,rest of everything is 👍",Neutral,high,Positive,Positive,Negative,Negative
11559,nepali haru le heri dinu suni dinu hola milon newar ko song i like ur song and u mis u,Neutral,high,Positive,Positive,Negative,Negative
25809,vanja ta hero hudo raixa,Positive,medium,Positive,Negative,Neutral,Positive
24830,wow sir ramrro lagiyo hjr ko news 🙏,Positive,high,Positive,Positive,Positive,Neutral
16800,last ramailo lagyo bds ko bhume bat hareddie xu kati aanda voyo nani so nice,Positive,medium,Positive,Positive,Negative,Negative
27751,yati ramro kam lai poni diss like hanne ko kando chiknu parxa,Negative,medium,Neutral,Positive,Negative,Negative
23068,kesaro ruko ho vai himtxainrx ho,Negative,high,Negative,Negative,Neutral,Neutral
31581,ramro pratibha rahexa god blessed her,Positive,high,Positive,Positive,Positive,Positive
31690,k ko baca ko udar ???,Neutral,high,Negative,Negative,Negative,Neutral
18052,chor congress khatya haru ho congress lae vote halni tah,Negative,medium,Negative,Neutral,Negative,Neutral
25352,muji sajeet gaire rip,Negative,medium,Negative,Negative,Negative,Negative
14731,"balatkar vanne word mazzak lagexa tyo jabarjasti balatkar garera marnu na bachnu vayko balika lai soda k ho balatkar vaneko 🤔 yesto serious word pani kamai khane vada banaune,, garne bela samma enjoy garne..",Negative,medium,Negative,Negative,Negative,Negative
17504,sarai roye yo video harera rupesh sir ekpalta maaf dinu vannu parashmani bhai lai yesto maya raicxa dui jana ma milayera rakhnu hose plz 😭🙏🌹,Neutral,medium,Neutral,Negative,Negative,Neutral
18127,and one more episode added of tamasoma jyotirgamaya which i m ignoring....total 4 episode havnt watched till date...,Negative,high,Neutral,Negative,Negative,Positive
24889,follow the protocol implemented by government toyo hamro lagi ho jemmewari nagarik banau . please bholi bhaya bha awastha bhayo bhani k hunxa yaad rakhau.,Neutral,medium,Neutral,Positive,Negative,Neutral
11351,"betuk patrakar, tarka binako bahas yasto showma aaunu vaneko time waisted 🤮",Negative,low,Negative,Negative,Negative,Neutral
19264,also take interview of sushant gautam,Neutral,high,Neutral,Neutral,Positive,Positive
14386,binu fvt and binu ko didi bahini dherai comedy lagxa,Positive,medium,Positive,Negative,Negative,Negative
31482,naya suruwat garnu zindagi ko lage dubai lai. . all the best,Positive,medium,Positive,Positive,Positive,Positive
15357,no not again ajay dhungana 😂,Negative,high,Negative,Neutral,Negative,Neutral
26360,tyo part cut gardeko vhaye,Neutral,medium,Negative,Neutral,Neutral,Neutral
23049,adhip desh lai maya garne manchhe hoina.yo pramanit bhai sakeko chha. bimal is 100 times better than adhip.,Negative,medium,Neutral,Positive,Positive,Negative
25238,hajurko kura sunda hamro time useless bhayo sajeet sir,Negative,medium,Positive,Negative,Negative,Negative
20770,gulshan sir next dance alik badi expectations xa aile average thyo,Neutral,medium,Neutral,Positive,Neutral,Positive
13202,bor bhayo hola yo video hernu sabai jana le hai https://www.youtube.com/watch?v=aeo9d-bviom,Neutral,medium,Neutral,Neutral,Negative,Neutral
12658,la hai hajur ko ko hununxa you tube ma naya sathi haru mero channel lai subscribe garnu ra kunai 1 ta mero channel ko video ma comment garnu ma hajur ko channel lai pani subscribe garne xu please,Neutral,high,Neutral,Negative,Negative,Neutral
10883,bipana di ko acting ramro lagxa,Positive,high,Positive,Negative,Neutral,Positive
25533,"nawal khadaka, prayas dhungana ra prem geet team lai sangai rakhera interview liu.",Neutral,medium,Negative,Positive,Positive,Positive
19600,same molai jastai vayaxa dai mero life ma pani same yastai ghatana ghateko thiyo 😭,Neutral,medium,Neutral,Negative,Negative,Negative
27629,kati ramro songs gaunu voko nepal big fan 🇳🇵🇳🇵,Positive,medium,Positive,Positive,Positive,Negative
20106,vane pxi kirti dle pul ra aakashma dubailai mn prne rahexa good poja di best frnd ho ni ta pul sabin,Positive,medium,Positive,Positive,Neutral,Negative
14671,na runu dai hajur ko aasu le polxa papini lai 😭,Negative,medium,Neutral,Negative,Negative,Neutral
12885,😂 swor herna guunda jssto,Negative,low,Negative,Positive,Neutral,Negative
24142,over dami lagyo ❤️❤️❤️❤️,Positive,medium,Positive,Positive,Neutral,Negative
10786,ra free ko saman ko paisa lincha,Negative,high,Neutral,Negative,Negative,Neutral
23003,good yesari nepal ko khayera ..india ko gun gauna mildaina .....jay nepal🇳🇵🇳🇵🇳🇵🇳🇵,Negative,high,Positive,Positive,Positive,Negative
10238,"sabai lai goal nai hanna pare ko cha, ajhai kati goal huntyo, pass diya ko vaya, anyway hope next game ajai ramro hundai jawos",Negative,high,Neutral,Positive,Negative,Negative
10534,dalal parchande p.m bhayekai din aash gayo sir,Negative,medium,Neutral,Negative,Negative,Negative
25340,yo dada roda moni roye,Neutral,medium,Negative,Neutral,Negative,Positive
25414,you jasmi ojha pani paisa ma bikeki xan,Negative,high,Neutral,Negative,Negative,Neutral
27700,"varatiya bistarbad murdabad, murdabad, back off india",Negative,medium,Negative,Negative,Negative,Neutral
24927,wow wow bimal dai&tika sanu super,Positive,high,Positive,Positive,Positive,Positive
26898,talent person suresh sah good luck 🍀,Positive,high,Positive,Positive,Positive,Positive
10011,everything is just perfect .... kati ramailo vo agami dinma pani yastai ramailo dekhna pau .... such a good hosting.... safaltaako suvakamana sabailai 💐❤️❤️❤️,Positive,high,Positive,Positive,Positive,Positive
11403,what a lovely show wow nepali le aba tyo uchaima laadaixa audiencelaai,Positive,high,Positive,Positive,Positive,Neutral
18246,pardip le award ta pae khaita kei sabda haru rakhnu parne lol bolna na janeko ho ki formate nai testo ho... cunfuse,Neutral,medium,Negative,Negative,Negative,Neutral
12920,bkwass dance. yo ho nepal ko dance stars 🤣,Negative,high,Negative,Positive,Positive,Neutral
13160,"very heart touching ,,, sabai thik hunchha , dd, jhakad thaha ji idol ma ayera he did great job , may god bless your entire family , we love u ❤️🇨🇦🙏 babu timi kasto royeko,, u made me cry little boy ,,,!!",Positive,high,Positive,Positive,Positive,Positive
17275,ali picture quality vayan,Negative,high,Neutral,Negative,Positive,Positive
15132,wow ma elected haina selected ho dami 🤟,Positive,high,Positive,Positive,Positive,Positive
24066,hamro 5 no broker ko dai hoina??? nice to see u bro,Neutral,high,Neutral,Positive,Negative,Positive
13195,samragey ko kura ma ke fact xa ke kasele bolno ya arop launo bitekaii ou tai honxa raw rrecha g .tapai kura mitho garno honxa tara teslai bebahar ma otarna unsuccessful hono honxa recha ge,Negative,medium,Negative,Neutral,Negative,Neutral
31318,malai riyasa ko man parne baani your so frank and act.,Positive,high,Positive,Positive,Positive,Positive
14101,aashule m thamnai sakena 😭,Neutral,medium,Neutral,Negative,Neutral,Negative
31660,prashna sodheney tarika bbayena.,Negative,low,Negative,Negative,Neutral,Negative
18470,sidha kura janta sang yo programming ko nam nepalima hunako karan mithoxa.,Positive,medium,Positive,Negative,Negative,Neutral
16671,riyasa le grdaaa 4 time vayo yo vdo hereko,Positive,medium,Neutral,Negative,Negative,Neutral
25453,shame on nepali movie board and all responsible behind it. and bhawan singh.. shame of you . jutta ko mala bhawan singh lai. nepali gorkha darjeeling bata,Negative,high,Negative,Negative,Negative,Negative
16664,yesto sodne lai t vakku dhulai dinthe manxelai kati tension vako belama kasari questions gareko hepara ho ki programme chalnu salary pawnu uhi dukhi ra pidit bata ho but please malai t chittai bujena gbu phurba dada lai life ma bad n good times sabbiko ma awca kasailai kun times ma hunca yad hudaina but be strong u r brave n kind hearted person,Negative,high,Neutral,Negative,Negative,Negative
27899,1 degree fever ajhai badhyoo hola katwal koo,Negative,medium,Negative,Negative,Negative,Neutral
26210,respect dr. toshima sunar 🙏 one of the best leader 🔔,Positive,high,Positive,Positive,Positive,Positive
19445,good question gaurav panta ji 👏♥️ gaurav panta is great journalist 👍,Positive,high,Positive,Positive,Positive,Positive
18784,4k vannu matrai hoixa video quality 1080p vanda mathi xaina ta,Negative,medium,Neutral,Neutral,Positive,Neutral
26686,yo bolo kati gyani hait yeha maile hereko anusar chinese japanese korean sabaile afnai kaam mrne gari garxa babal bmw chadxa,Positive,medium,Negative,Negative,Negative,Neutral
22190,next year indian idol ko vote jyoti deeplai ho,Neutral,high,Neutral,Positive,Positive,Positive
14001,sudhir dada ♥️♥️ shree krishna dada ♥️ both eutai lagxa dance,Positive,high,Positive,Positive,Positive,Negative
26576,yo kukur lai nxodnu dd,Negative,medium,Negative,Negative,Negative,Negative
15563,chi dhiraj ko jodi ani vagbati gautam ko jodi between one of need to go out,Negative,high,Negative,Neutral,Negative,Negative
10476,just hospital ma matra safety vayar hunna haii sab staffle safety hunu ponrei hjr sir haru,Neutral,high,Neutral,Negative,Neutral,Negative
17794,"bsngladedhi goalkeeper, lupa chakma, is a wall to save all the shots from the opposite... was goosebumps...",Positive,high,Negative,Positive,Negative,Positive
20864,dr saab ko number paye hunthyo!,Neutral,medium,Neutral,Neutral,Negative,Positive
23577,are yr yesto ksaiko life snga khelwad chai na gar na hou usko j jati kharcha vko xa tyo return gariyos with byaj k,Neutral,high,Negative,Negative,Negative,Negative
23375,damala le hamala garaunw bho,Neutral,low,Positive,Negative,Negative,Neutral
16835,mr sishir bhatta is a absolutely right and true speaking good for nation thanks more mr .sishir bhatta and hope you all the best.,Positive,high,Positive,Positive,Positive,Positive
12362,khoi exclusive interview tyo ktiko,Neutral,medium,Negative,Neutral,Positive,Neutral
24144,ma sishir sir ko andhabhakta hu pls yuvraj sir mananiya hamro sishir sir lai studio ma bolauna 200 episode ma,Neutral,high,Neutral,Positive,Negative,Negative
25586,"pagal interviewer... afai question sodhxa , afai chichyayera hasera basxa....xyaaa",Negative,medium,Negative,Positive,Negative,Neutral
17800,aafu jannu chaina..profit vaye aafno ...loss vaye aru ko dosh 😂,Negative,medium,Negative,Neutral,Negative,Negative
16777,kantipur unlike gariyo binod ka xa,Negative,medium,Negative,Negative,Negative,Positive
31617,oralo laagyo budo team.,Negative,medium,Neutral,Positive,Positive,Neutral
27924,sab copy aru ko aafani sty ma garnu paryooo indai haru ko corograph chornay aaba aafani vany mj pat dancer,Negative,medium,Negative,Negative,Negative,Negative
12542,"chhii malbika i don’t like you and your behavior for guest, past sabai ko hunx but personal matter tiyo pani past lai nikaler manche lai embarrs feel garaune ho???",Negative,high,Negative,Negative,Negative,Negative
25888,"birat sir ra bhagawati ji dance ramro thyo hai tyo vanda badi yo theme yo music ekdammai interesting, entertaining laagyooo chowk tira kta ho vanne ta jhan wawaawwaa ❤️❤️❤️",Positive,high,Positive,Positive,Positive,Neutral
26967,ekdum ramro jeni je lai bhetne upaye cha bhane please malai bhandinu hola 9860325333 ma,Neutral,medium,Neutral,Negative,Negative,Negative
31169,maile nabuje yesama jeena vanne star kina safe garko hola nachna birsine not this week before week ma dance mistake garirako xa this week ma jeena vanne safe garera arko star haru safe nagareko ma i’m very very disappointed ☹️ with ayojak we don’t want see,Negative,high,Negative,Negative,Negative,Negative
26464,mailey j chaheyko thiya teyhi vayax iam so happy 😊❣️😘🌍,Positive,medium,Positive,Positive,Positive,Neutral
17976,feri ima group lai lift ko tender pareko awastha 😂 asto xa hamro desh,Negative,medium,Neutral,Neutral,Neutral,Negative
25150,"yo budo ko kuro sundai , opportunist jasto cha.. ja ago balyo tei tapna jane type",Negative,medium,Negative,Negative,Negative,Neutral
14064,film inderstry ma ysto sayed yhi jodi hola hereko herai vy hau matw kati cute dekheko ho yo jodi,Positive,medium,Positive,Positive,Negative,Neutral
22982,kta ho vanne matra hainah vote pani halum hai alchi nagare aba bau uncle aunt hajurbau lai votehalne din gayo do it for nation,Neutral,high,Negative,Positive,Positive,Negative
11901,radipole choro ..jeewan maa ramro interview liana yaar,Negative,medium,Positive,Neutral,Neutral,Positive
19645,teibhayerw biplop pani maobadi sngw milyo,Neutral,low,Negative,Negative,Negative,Neutral
24676,another epic one 👍 great tikaram sir,Positive,high,Positive,Positive,Positive,Negative
16336,jimmebari (duty) le garda war ma jana inspire milxa,Neutral,medium,Positive,Positive,Positive,Neutral
23249,nepalko no. 1 joker,Negative,high,Negative,Positive,Negative,Neutral
23231,arani ko manpower ma sab lại rakhera ago lagauna parnay,Negative,medium,Neutral,Negative,Neutral,Neutral
22419,j hosh week ma 2 din you tube hernu majja aauxa i love dancing star 🌟 😘👍🏻,Positive,high,Positive,Positive,Positive,Negative
13294,mukh yesto dekhya re so funny 😅,Negative,high,Negative,Positive,Positive,Neutral
31085,khem dada t ho ni best sangit permi i like you dadai miss u,Positive,high,Positive,Positive,Neutral,Positive
19931,aang kaji ko ghinlagdo jawaf chhi chhi ......................... ghinlagdo manche ko ghinlag do jawaf,Negative,medium,Negative,Positive,Negative,Neutral
18039,neelam ko father dance babbal lagyo,Positive,high,Neutral,Negative,Negative,Negative
13750,he will not change ktm..he will change whole nepal.jityo vanne 100% party form garxa tes pachi we will vote him to make him as minister or prime minister..let's hope good,Positive,high,Neutral,Positive,Positive,Positive
20669,naresh ko host leh garda show lai dherai hold garx ❣️,Positive,high,Positive,Positive,Negative,Neutral
27777,"k ho yo ""unterpanarship"" katako english language ho.... halat chaina. .... . nepali bhayera sudda nepali bolna aaudaina k hawa english pronounced garira....",Negative,high,Negative,Negative,Negative,Neutral
21035,talim kendra kata ho conta.no.chahi yo,Neutral,medium,Neutral,Negative,Negative,Neutral
15057,aama dherae maya ani samman ... 😘,Neutral,medium,Positive,Positive,Neutral,Neutral
24623,yehai police haru ho choor,Negative,medium,Negative,Negative,Negative,Negative
22156,daro ans dinuvo kenopama sis well done,Positive,medium,Positive,Positive,Positive,Positive
20664,aba ko baki show herdina team aamarbika out huda dherai dhukha lax,Negative,high,Negative,Negative,Negative,Negative
19542,madan lai rape case halnu parxa 😂🤣,Negative,high,Negative,Neutral,Negative,Negative
31105,kukursanga k interviews deko ramesh g,Negative,high,Positive,Positive,Positive,Neutral
24359,teso vay yauta git gaunos nabin dhamalako qesan sabin sah king 👑 nepal,Neutral,medium,Negative,Negative,Positive,Negative
23706,uni yak desh le sadupayog garn naskeka black diamond hun...,Negative,high,Negative,Neutral,Negative,Neutral
27326,salam xa timi jasto naari lai best of luck sis,Positive,high,Positive,Positive,Negative,Positive
17221,thuka sudi tero aaukat,Negative,low,Negative,Negative,Negative,Negative
27016,india aphno bhai desh ho tapai horu kina yesto janatalai bhadkaunu hununcha we r educated people we know wt is correct so don't play politics here,Neutral,high,Negative,Negative,Negative,Negative
11455,khanta bole ko yo risss.....,Negative,high,Negative,Negative,Negative,Neutral
31602,shame on you manisha subba u bikau... aurat,Negative,high,Negative,Negative,Negative,Positive
31533,kya beautifully black quty ❤️man paro malai ta hoi miss archana ko lagi yo interbiew herna aaune hajir garam ta,Positive,medium,Positive,Positive,Positive,Neutral
27107,yopulisko charai mirtudeu bgawn danilai khigrna sadain grib lai dukhadinxa,Negative,low,Negative,Negative,Negative,Neutral
23346,jholy xan kalakar jati,Negative,medium,Negative,Negative,Negative,Negative
13447,k ko khatarnak china africa japan jasto hunu par xa,Negative,high,Negative,Negative,Negative,Neutral
22154,kathmandu ma yesto cha. please dont be so proud to be nepali.,Negative,high,Negative,Negative,Negative,Positive
26121,"darjeeling awnu paryo haw shooting ma, duijana nai...hoit...awney din haru ma suwakamna",Positive,high,Neutral,Negative,Negative,Negative
13648,my respect has gone to next level for tikaram jee. 👏 👏 🙏,Positive,high,Positive,Positive,Positive,Positive
25959,yo patrakaaaaar ho ki police officer,Neutral,high,Negative,Negative,Negative,Neutral
24155,judge haru best choreographer haru raakhnu paryoo best actors actress haru haena.,Negative,medium,Positive,Positive,Neutral,Positive
31241,jhut boldai xe easle,Negative,low,Negative,Negative,Negative,Negative
16798,jo winer hunxa vane lagtho tonai aaja out vayo not believe i hate show,Negative,high,Negative,Negative,Negative,Negative
12282,j vana sis timro pani 100 ma 100 gati cha,Neutral,high,Positive,Neutral,Negative,Positive
19610,godle blesta garinai halxan but yesta manxey tannai xan.. but the youtuber chooses those persons from where they can get better commissions with huge profit amount,Negative,high,Negative,Positive,Negative,Positive
18788,be strong sis 😓😪 narunus na yasari,Neutral,high,Neutral,Neutral,Positive,Negative
17817,ajhai pani lgbtqa lai support garn kin sakirako xainau ?,Negative,high,Neutral,Neutral,Negative,Neutral
19170,electric vehicles haru pani cheap price maa lyaunu paryo..,Neutral,medium,Neutral,Negative,Negative,Negative
13792,bistaro bol katu xerxas hai bhai k saro chilllaaayera boleko ufff,Negative,low,Neutral,Negative,Negative,Neutral
23341,kassam umesh le boleko harek kura auta development country ko jasto chha. yo palta uslai najitaune ho bhane ktm bashiharu jhole ho bhane prove hunchha. well managed city chahinchha bhane umesh hai umesh voteforbalen,Neutral,medium,Negative,Negative,Positive,Negative
22953,anmol rokka ko film boycott haanu parne nai hora,Negative,medium,Negative,Negative,Negative,Neutral
17199,i think i think... ahhh i think i think.... naak kya lamo k!!!!,Negative,high,Neutral,Positive,Negative,Positive
20026,yo episode ma daamdar dance samira and neelu babbal cha yar. good luck in coming days.,Positive,high,Positive,Positive,Positive,Positive
14179,india ko rajkot bata herxu regular news the very best,Positive,high,Positive,Positive,Positive,Neutral
13794,god bless you. so sad hami sabai dekhne sunne vayara ni kehi garna sakina.,Neutral,high,Neutral,Negative,Negative,Neutral
12582,waa nice family biraj vattako pahadi manxe rahexn khushi laagyo,Positive,medium,Positive,Positive,Positive,Negative
31090,bhim rawal election ma jana paunu parx but ahile ko aawasekta rupak kharel ho,Neutral,medium,Neutral,Negative,Neutral,Negative
13416,"sameer daii yo manxe ta puraii jhyappp dekhxa ta , kasto acting ho yesko",Neutral,medium,Negative,Negative,Negative,Neutral
15952,sano mukh le thulo bhag khojeko chahi thick hoina 1/2 films hit vayo vandaima ati thulo ghamand aafu nai maha super star banana khojeki hun dipa le,Negative,medium,Negative,Negative,Negative,Negative
20561,dada ko voice sunda ne aananda lagxa,Positive,high,Positive,Negative,Negative,Neutral
16448,hera xori kati khusi xe,Positive,low,Positive,Neutral,Neutral,Neutral
25535,gautam buddha int'l airport khasai chaldain staff kharcha yata uti kharcha badhi hunx sano budget vako government le nachaine kharcha hunx,Negative,medium,Neutral,Negative,Negative,Neutral
22866,ajay solti bude lai maya dharai bhaye ko ho don’t worries kaalo gaye goro aaucha.,Neutral,medium,Neutral,Positive,Negative,Negative
31102,aajko number one dance reenu team,Positive,high,Positive,Neutral,Positive,Positive
24377,hahahah chor hoo rish pani online khabar kantipur pani sub fuck up chot haru,Negative,medium,Negative,Negative,Negative,Negative
13981,ek dam maya lago babu ko 😢,Neutral,high,Neutral,Negative,Positive,Neutral
25230,thank u amit sir for wearing silamsakma . limbu community loves you,Positive,high,Positive,Positive,Positive,Positive
17798,sakx vne milnush 👏 plz,Neutral,low,Neutral,Positive,Negative,Neutral
10509,yubraj lama last man parne villain ..,Positive,high,Negative,Positive,Positive,Negative
19421,amar da amrit da and durga di are always best so congrats,Neutral,high,Positive,Positive,Positive,Positive
12739,nc ko situation india ko icongress jasto huncha,Neutral,high,Neutral,Negative,Negative,Neutral
24105,khoi social distance maintain gareko? testo corona ko wastai nagarne mqnxe le corona huda garnu parne ni,Neutral,medium,Neutral,Neutral,Negative,Neutral
25038,pailo choti full episode hereko swo,Positive,medium,Positive,Neutral,Positive,Neutral
16470,yo avisek vanne mental nai ho,Negative,high,Negative,Negative,Negative,Positive
10663,dherai maya hakim daju ko laie ❤️ he's disappointed from sajeet 💔,Neutral,high,Neutral,Negative,Negative,Negative
10488,nepalma vanevpaisako matrai khel chalx xi,Negative,low,Negative,Negative,Negative,Neutral
12749,guff dinu awudaina bhancha tara first to last samma guff nai dee ra ko cha,Negative,high,Negative,Negative,Negative,Negative
12796,vten girlfriend simya awantaka gurung enjoying,Neutral,low,Positive,Positive,Positive,Positive
21142,santoshjiko frankness man paryo,Positive,high,Positive,Negative,Neutral,Negative
20337,hancy dubai jana bst of,Positive,medium,Neutral,Neutral,Positive,Positive
31576,naresh dada ko program radio ma sarai sunthe sarai man prxa. now saudi bat heradai xu./ wow...budhi tamang ❤️❤️❤️🙏,Positive,high,Positive,Positive,Negative,Neutral
25656,muji dhamla kam xain,Negative,low,Negative,Positive,Neutral,Negative
25736,bhusan dahal ko aati kamjor prastuti...name kada rakhdai ma show kada hudaina we didn't listen any new stuff from this interview.,Negative,high,Negative,Negative,Negative,Negative
20095,"sooo cute daughter, omg, kosto ama ho, awa ta k yo most of woman haru, babesalai kenanasojiko yola,🙄",Neutral,high,Negative,Positive,Neutral,Negative
12374,nepalko policeheru dherai gunda vayeka chan tenerulai pane checked,Negative,medium,Negative,Negative,Negative,Negative
31002,kasto abuj budi raixa marnebelama pani paisa lane raixa ki kya ho,Negative,medium,Negative,Negative,Negative,Neutral
26345,chor haru lai jel halyo police thanks police we are safe real hero 😍,Positive,high,Neutral,Positive,Positive,Negative
25901,"last ma guff deko.. ktm , pokhara, ja gaye ni jithyo rey yiiissssssssssssssss chitxas!!!!!!!!!!!!!",Negative,medium,Negative,Positive,Negative,Positive
19467,kati innocent dai hjr...,Positive,medium,Positive,Negative,Negative,Positive
14493,sabai vanda bolnuma talent actress,Positive,high,Positive,Negative,Positive,Positive
26917,dheraie din paxi herna khojeko episode herdaixu,Neutral,medium,Positive,Neutral,Negative,Neutral
31333,bhauju poni cute hununxa nirmal dai,Positive,low,Positive,Positive,Negative,Negative
25113,hasnu ki runu 🙄,Neutral,low,Neutral,Negative,Neutral,Neutral
10097,salam cha okil sir yo arko pagal lai pagal khana ma lanu,Negative,medium,Positive,Positive,Positive,Neutral
13834,rupak dhamal is only one person who fully confidencely starting progaram rupak g lai ultai interview line artist vaneko kamala dd matrai ho k majja le boli jitnu hunx,Neutral,high,Positive,Positive,Negative,Neutral
17893,ak dam khusi lagx buwa ko saport rw xori ko partiba n soch wow best up luck,Positive,high,Positive,Positive,Negative,Neutral
17210,new version of magne buda 😭😂 kahan mantra hani rahanu...arkai yentra hannu paro nii 😋,Neutral,medium,Neutral,Positive,Positive,Neutral
27188,aaba gais nani oralo tei ramro maya garne lahuree serman pauda pani mat lageexa ..serman ra xoriko aasule 1din aabecee perolneexa nani ..tara to doti saga bacheera hednu..,Negative,medium,Neutral,Neutral,Negative,Negative
19189,wow it amezing sperit good luck kiren lost of love,Positive,high,Positive,Positive,Positive,Positive
13896,didi chai so cutee beautifully,Positive,high,Positive,Positive,Positive,Positive
26734,i'm also agree with keki adhikari didi,Positive,high,Positive,Neutral,Positive,Positive
21695,dsrsux ra nepal harx,Neutral,high,Negative,Negative,Negative,Positive
11335,"nepal idol winner , ko afnai desh ma kunai kadar nai xaina !! thukka ysta nepali haru",Negative,medium,Neutral,Positive,Positive,Negative
14922,so yo prakash shah ra samikchya ko story ni same mai vo… laws le garxa j gareni so law ko word ayasi matra ak arka lai support garda derai ramro hunxa hola…i guess,Neutral,high,Neutral,Negative,Negative,Neutral
10788,"ajhai pani tehi purana party ra tehi purana neta lai vote halne ki ta uneducated autha chape hunn ,,ki ta jhole hunn ,ki ta paisa ma bikne tyabe hunn,,ki ta veda hunn modern youth ta hunai sakdainannn...",Negative,high,Negative,Negative,Negative,Negative
31152,ani baby ko aama lai poni problem huncha pochi,Neutral,high,Neutral,Negative,Negative,Negative
10162,my favourite lovely couple puaa 😍😘,Positive,high,Positive,Positive,Positive,Positive
25598,"la veda janata badhai x vote dine bela ekoro kangress, amale, maobadi vner vote diyeko hereuni kasto hudaix nepal ko lajniti",Negative,medium,Negative,Negative,Negative,Negative
24952,audiences haru le support garera studio ma gayera sath diyeko kura chai ekdam mann paryooo malai ❤️❤️❤️ we love dancing stars nepal 🥰,Positive,medium,Positive,Positive,Neutral,Negative
12412,hehehehe ... always hit jodi haru # pradipchudal,Positive,medium,Positive,Positive,Negative,Negative
20762,swstima jee k vako testo attitude kina ho bolney tareka alle melaynw jasto xa superstar hu vanne ghamanda xa jasto xa but u are not a superstar ur get famous just because of nischal at very time,Negative,high,Negative,Negative,Negative,Negative
11188,good luck dakal ji yo jharpat mediako paxi nalagnu 100% success hunxa,Positive,medium,Positive,Positive,Positive,Negative
11441,myadi police herdaa matraaa hun what has he that's mighty,Negative,high,Negative,Positive,Positive,Negative
19094,manxe herne rahar thiyo balla herna paiyo.... 💕,Positive,low,Positive,Positive,Negative,Neutral
19218,lahureko real maya lov lagdorahex keti kharab,Negative,medium,Negative,Negative,Negative,Neutral
12456,interview ligne sir ni khusi choinan prakash shaput ko song 🎧 sanga. prakash shaput prove that he is down to earth 🌍,Neutral,high,Positive,Positive,Neutral,Negative
18723,mero future herda ni hunxa ho hahaha......,Neutral,high,Neutral,Positive,Negative,Neutral
25048,babita g be strong and rip 🪦 for your jwai 😭,Neutral,high,Negative,Positive,Positive,Negative
21774,paltan ma kasari mukh dekhauni hola da le 😭 kati man xoyo 😭 bicharaa ....tapai jasto buda pauna 7 juni kurnu parxa 😭,Neutral,medium,Neutral,Negative,Negative,Neutral
11371,"yo sala uneducated bimal fucker ,corrupted lai shoot garnu parxa …tera din suru bho aba",Negative,high,Negative,Negative,Negative,Negative
24707,"jo save hunuparne ho tyo out hunxa, jo hunuparne tyo hunna what’s this ?? kamala must out next episode sir birat g, you are unlucky",Negative,high,Negative,Negative,Negative,Negative
10897,khusi lagyo tara aba yesto nohos,Positive,medium,Positive,Negative,Negative,Neutral
12543,tik tok ma dekheko moiley yo aimailai.bichara daie 😢 be strong 💪,Neutral,high,Neutral,Negative,Neutral,Neutral
25156,k saro ramri ani lagansil yar arkaki budi vaya ni bihe garu jasto yar hait ; her killer smile my ghad so beautifull,Positive,medium,Positive,Positive,Positive,Neutral
21818,sudhir sir hju ko family khoii,Neutral,high,Positive,Positive,Positive,Neutral
21604,ananda cha yaar pm vaneko ta smart and new concept po hunuparne jasto ni pm huney ani country paxadi ko paxadi,Negative,high,Positive,Positive,Neutral,Neutral
24175,you rajesh lamichane lai ta ek truck diseal nabhaye petrol le aagho lagaunu parne if anyone is interested contact me.,Negative,high,Neutral,Neutral,Negative,Negative
24513,janam kaid garde mg,Negative,medium,Negative,Neutral,Positive,Negative
17177,english dherai nakhok hain suddo tero budi comedy champion judge bannaw laayek chhainaw ........mero thekuwaaaa....,Negative,medium,Negative,Negative,Neutral,Positive
13584,ali mann bujhena. i hope alina ma’am le abiral ji lai future maa k hi support garnu hunchha hola aafno project maa raakhera. ✌️,Neutral,medium,Neutral,Positive,Negative,Neutral
26841,yo aemai lai chai k pugena k feriii ufffff,Negative,high,Negative,Positive,Negative,Neutral
13806,didi ❤️ kate mahan ho bechara,Positive,medium,Positive,Positive,Negative,Neutral
26394,jitne winner rahisha hunu parne kko out gardira 😢,Neutral,medium,Negative,Negative,Positive,Neutral
16404,kx nani kbr sanchai very nice samiksha adhikari,Positive,medium,Positive,Positive,Positive,Positive
14877,border side gayera hernuss anugaman garnuss,Neutral,medium,Neutral,Negative,Negative,Neutral
16450,sarai mailo lago la,Positive,medium,Positive,Negative,Neutral,Neutral
27284,ktm le right person paye jasto xa good luck 🤞 surya g 👏💪😎 sahi ho surya ko principals,Positive,high,Positive,Positive,Positive,Neutral
24549,dadeldhura lai nepal kai sundhar sahar vanau 💉🇳🇵🇳🇵🇳🇵🇳🇵🇳🇵💉,Neutral,medium,Neutral,Negative,Neutral,Negative
14123,powered by nic asia janta janna chahanxan 😂 bank ko kura aauda jossinxan prabhat daju,Neutral,medium,Neutral,Neutral,Positive,Negative
10203,rukum dakhi all dance ramro xa,Positive,medium,Positive,Neutral,Negative,Positive
20715,runner up teams prikhar ❣️,Neutral,high,Positive,Positive,Neutral,Positive
21697,kasto mugi question sodhxa yll reshi sharma and amit singh rip 😁,Negative,medium,Negative,Positive,Negative,Neutral
16009,aama time devi hou 🙏❤️ afnu santan ko lagi mfnu harkhusi marchin salam xa sis hjrlai 🙏❤️❤️🥰,Positive,medium,Positive,Positive,Negative,Neutral
13672,practical sister ko good xa,Positive,high,Positive,Positive,Positive,Positive
14088,aafno swaartha ko laagii,Negative,medium,Negative,Positive,Negative,Neutral
22901,"voice of nepal season 4 ko digital audition khuleko announcement kunai pani official channel bata bhako xaina, now they are saying for additional 15 days.",Neutral,high,Neutral,Neutral,Negative,Neutral
26644,aja babal hola jasto xa,Positive,low,Neutral,Positive,Neutral,Positive
26844,right thinking babako aafno xoriko kala bujhidine good luck 👍️👍️,Positive,high,Positive,Positive,Negative,Positive
27421,dukhale nai manxelai saphaltako sikharma purauxa dont warry bhauju,Neutral,low,Negative,Negative,Negative,Negative
26804,tiger ledy anita always 🥰,Positive,high,Positive,Positive,Positive,Negative
27274,karmacharya g pm baner hami garib ko samasya pura garn saknu vayn .parashmani g pm abko,Neutral,medium,Positive,Positive,Negative,Negative
24097,manish ba is so funny 😂,Neutral,high,Neutral,Positive,Positive,Negative
18613,uttam sanjel be the next inspiration person,Positive,high,Positive,Positive,Neutral,Positive
16533,autai khal ko matra dance vyo yo dhimal bahini ko,Negative,high,Negative,Neutral,Positive,Neutral
15448,humanity vaney tw xadai xaina yo rakxesi ma.,Negative,medium,Negative,Neutral,Negative,Neutral
19067,sanjeev lai jitnha garai xha tara aasambab xaina if he wins naya revolution of youth suru hunxha,Positive,medium,Negative,Positive,Negative,Negative
18231,rasa n suyog g lai k vayo hau? yeuta man parne hope vako vaneko herna ekdam excited hune jodi thiyo tara k vayo hoi hami niras vayo 😢🥺 i hope you read this comment,Neutral,high,Neutral,Positive,Negative,Neutral
22719,male breast exist : gynecomastia,Neutral,high,Neutral,Neutral,Neutral,Neutral
10931,moj garer xodex keta le valuni,Negative,low,Negative,Negative,Positive,Neutral
12327,yo nagdewta hoina king cobra ho king cobra le sarpanai khanxa (discover. animal planet hernuhos tapsiharuko nagdewta haru dekhawxan,Neutral,medium,Negative,Neutral,Negative,Neutral
18387,yasto dekhe poxi tw budhi bhako sang aaune aaiemaie haru ali sachetw tw hola 😂🙄👊👀,Neutral,low,Negative,Positive,Negative,Neutral
15078,yestai jot ko manxe raexa ra ta kantipur batw faldeko raexa. interview kasari line ho sikera aaunu arko pali. darai darai interview linxa.,Negative,medium,Negative,Negative,Negative,Neutral
16274,kati samajdar xa nishedh n sis,Positive,medium,Positive,Negative,Negative,Neutral
27211,god bless you nana himmat kahile naharnu 💙,Positive,high,Positive,Positive,Positive,Positive
14704,plz yo pali 5years prati pakxya ma basdinu huna ma hardik anurodh gardaxu. kinaki sarkar chalauna anek party le dine xaina. baru arko 5 years ma purnata huna sakxa. tesaile please be a perfect opponent.,Neutral,medium,Neutral,Positive,Positive,Negative
20704,"sakyo aba timi haru ko palo. communist, congress, maobadi, ani anya party haru side laghda huncha. bye bye",Negative,high,Negative,Negative,Negative,Negative
10994,saleen le kanma mundra lagauda kattiipani suhayeko xaina...nalagauda u look gentle.. cute n lovely... better not to wear,Negative,high,Neutral,Positive,Neutral,Negative
18428,thok thok thok thangne buda neta lai thok...youth for youth visunary man,Negative,medium,Negative,Positive,Negative,Positive
11453,"salute hemanta kanxa rasailey, wonderful performance!",Positive,high,Positive,Positive,Positive,Positive
18616,prayas newar ko words sunda mero ashu koknai sakina 😭,Neutral,medium,Neutral,Negative,Negative,Neutral
18522,kati bolna sakyoo babab. boliraii mancha marxa jasto,Negative,low,Positive,Negative,Negative,Neutral
26343,ani bolni... natra shut up,Negative,high,Negative,Negative,Negative,Neutral
17616,herata yo budo ko bholi,Negative,medium,Negative,Negative,Neutral,Neutral
14454,very nice 👌 great kalakar bai bahini haru lai,Positive,high,Positive,Positive,Positive,Negative
20351,god lee sujal laiii ramroo banaidiyoss....,Neutral,medium,Positive,Positive,Negative,Positive
31843,sabai janako yestai hunuparxa jasto lagxa father /daughter,Positive,low,Neutral,Positive,Neutral,Neutral
27423,balla sir ko boli khule xa 😊,Neutral,medium,Neutral,Positive,Neutral,Neutral
20758,please 🙏 everyone support him ❤️❤️ educated vision bhako manxe 🇳🇵,Neutral,high,Positive,Positive,Positive,Positive
26090,tye mathi world ko bisalu snake ho naag vandai basa thokey paxi cobra ra king cobra ko bish le janxa nepali uncle aunties haru kasto varam ho sarpa ni nachiney,Negative,medium,Negative,Negative,Negative,Neutral
27709,tyo aaemaelae keta ko pap lagx,Negative,high,Positive,Negative,Neutral,Neutral
18701,a buddha rolpa dekhi uthnu tw elections ma 1 palta herau churi furi,Negative,medium,Negative,Negative,Negative,Neutral
26393,next season ma chai plz bijay lama sir ko jodi hernu man xa plz kushalta di,Neutral,high,Neutral,Positive,Negative,Neutral
14255,"kasto hawa dsp raixa. police kai agaadi gadi futai raxa, police wallla parera herera basexa, galti vayo vanna pani sakdina. yehi ho accountability?",Negative,medium,Negative,Negative,Negative,Negative
26528,i’m so happy for you laxman phuyal,Positive,high,Positive,Positive,Positive,Positive
16278,anuja agrwal sister gunjan sinha ko expression ra dance style copy vayo ni ❤️❤️,Neutral,high,Positive,Positive,Negative,Neutral
14951,right kuro nd happy life,Positive,high,Positive,Positive,Positive,Positive
17322,"laleko pani galti cha, paru vanelai pani, trchr chi na hos he amit sir,,,",Negative,high,Neutral,Negative,Negative,Negative
13550,haitt kada. we need more people like him.,Positive,high,Positive,Positive,Neutral,Positive
31443,crime petrol jyada here ho banda gar sale sap dhotiharko sikyoo...restinpeace,Negative,high,Negative,Negative,Negative,Negative
11380,"i agree with reema. ahilay ko jamana maa , k dalit k bahun.",Positive,high,Positive,Positive,Negative,Neutral
12366,interview dhamalaa le leko ki dhamalaa ko chai leko hahaha...laxman dai such a to the point man,Neutral,high,Positive,Positive,Negative,Positive
25932,yo didi le shi bhnnu bho,Positive,medium,Neutral,Negative,Negative,Neutral
26888,jayan marako santan ko anuhar hern man xin xixixixixi thukka,Negative,medium,Negative,Positive,Negative,Neutral
31800,so beautiful astha dahal so cute ❤️❤️❤️,Positive,high,Positive,Positive,Positive,Positive
12714,dr sahab ko visual appointments paauna sakincha ra ?,Neutral,medium,Neutral,Neutral,Negative,Neutral
14648,plz sis yesta kukur ko lagi aasu nabagaunu la,Negative,medium,Neutral,Negative,Negative,Neutral
31199,omg all are my favourite kollai support voting garne hola tanab vayo hau kollai vote garne hola launa ni lai lai all are fav 🥺,Neutral,high,Positive,Positive,Positive,Negative
18646,"lack of light management ,kati ramro dancer haru xa tara light le garda khatra nai dekhena,dancers le matra hoina light management team le pani sagai practice garnu parne dhekhiyo..",Negative,high,Negative,Negative,Negative,Positive
24743,maile ni like gareko xu malai man parx couple 😜😍,Positive,medium,Positive,Positive,Negative,Neutral
18010,"uddhar grne mnxe sng interview lidha ramro hunthyo ne, hoin patrakar hoki patrukar ho temi bhai",Negative,medium,Neutral,Negative,Negative,Neutral
26939,aajai yesto murkha ghorkhali bhaner bahadur? totally nonsense,Negative,medium,Negative,Negative,Negative,Negative
15049,16k vs bikram. hope bikram ji will bring 16k death case on surface if he get chance to become home minister again.,Neutral,high,Neutral,Neutral,Negative,Positive
27405,dancing star hoki dancing with the star nepal ho ma ta jhukkeko k best wishes,Neutral,high,Positive,Positive,Positive,Neutral
13925,thanks for good information prahalad sir sathaai doctor sahab,Positive,high,Positive,Positive,Positive,Positive
16644,bichara manxet handsome hunundo raixx khuttavye jutta ktikti brother god bless you 🙏🏽🙏🏽🙏🏽🙏🏽🙏🏽🙏🏽🙏🏽,Neutral,medium,Positive,Positive,Positive,Negative
23479,nepal ko vote baneko hoina nepali ko vote baneko. nepali bharat ma pani 1 crore banda badi chan,Neutral,high,Neutral,Negative,Negative,Negative
31560,aba suhaune garxa shankarele khaile miras xain tyo ta babita hmat liyra agi badhnu best of 🤞,Neutral,medium,Positive,Positive,Positive,Positive
14438,mahaamahim' his/her excellency vanneko 'mahaan+maheemaa' or 'thulo maan sammaan' paauna yoggya bidesi paahunaa vanieko ho.,Neutral,medium,Neutral,Negative,Negative,Neutral
22881,2 jana taw bf gf jatikaii behave garxan taw hau 😆 just the part of joke 😂 anyway nice interview ❤,Positive,high,Negative,Positive,Neutral,Neutral
22867,family lapo care garanu parchata,Neutral,medium,Neutral,Positive,Positive,Negative
25474,paalo sabaile paunu parxa best of luck laxman shaha,Neutral,medium,Positive,Positive,Positive,Negative
10205,teita help garnus bachuljel. govt..ko dhoka dhak dhakaunus...,Neutral,medium,Neutral,Negative,Negative,Negative
23778,i hate geeta subba she is such,Negative,high,Negative,Negative,Negative,Positive
25684,yesta jealousy sathi hunu vanda navako nai bess 😏😡,Negative,medium,Negative,Negative,Negative,Negative
26893,not bad ...all clearly bolya cha liked it,Positive,high,Positive,Positive,Positive,Positive
22246,hakim mg k vhayeko yesto tyape ko kura ma support gardai basekox,Negative,medium,Neutral,Neutral,Neutral,Neutral
14144,ani bichari yo nani lai po last maya lagxa yaar be strong nani god blessed u 🙏,Neutral,high,Neutral,Positive,Positive,Negative
31386,lila katwal le india ko dancing show lai chain banayera nepal ma lewne. ani nepali movie lai chai chalna na dine 🤜,Negative,high,Negative,Negative,Negative,Neutral
20042,ktm nirwachan xetra number 7 kamanapa 16,Neutral,medium,Neutral,Neutral,Negative,Neutral
26355,lok dohori king raju pariyar lai saman xa 🙏❤️❤️❤️❤️,Positive,medium,Positive,Positive,Positive,Neutral
24564,lots of hate to u sukirti gurung.,Negative,high,Negative,Negative,Negative,Positive
22372,one n only fav gulshan da muh luv from india,Neutral,high,Positive,Positive,Negative,Negative
10906,the dadeldhura girl has elegance and emotional intelligence. knows how to take the limelight. that guy is one desperate wannabe. kasle herchha esto budhhi nabha lafungo ketalai.,Negative,high,Negative,Positive,Positive,Negative
12435,wtf are they mixing politics in nepali film lol . they are doing their best to increase audience and attract audience from all around the world and some people are dragging them down. afnai le afnai le khutta tanirachan ani kasari huncha pragati ?,Neutral,high,Negative,Negative,Positive,Neutral
18385,plzzzzzzzz dada vik makxu garima sharam lai lainu na 😭,Neutral,medium,Neutral,Negative,Negative,Negative
14502,hello sir madam off line download vayan tah,Neutral,high,Neutral,Neutral,Negative,Neutral
20142,maile yo sab so called journalists haru le vaneko bujhe anushar,Neutral,medium,Negative,Negative,Negative,Neutral
22922,yo mula bhuvan ki gu bhanlai pani yastai bhako jasto x and 💯 right pardeep ❤,Negative,medium,Neutral,Positive,Positive,Neutral
14566,yo news here paxi pura energy aux ho,Positive,high,Neutral,Neutral,Positive,Neutral
22195,bichara kati dherai maya merota aasunai aayo 😭,Neutral,low,Neutral,Negative,Negative,Negative
27424,hangout place taha xena re,Neutral,high,Neutral,Neutral,Negative,Neutral
10381,love uh both of uh ..hamro venaju 😚 lots of love,Positive,high,Positive,Positive,Positive,Positive
12722,"wow!!!!!! great interview 🙏🇧🇹🇳🇵🇧🇹🇳🇵🇧🇹🇳🇵deuta ,chadani film ko yaad aayo.",Positive,high,Positive,Positive,Positive,Positive
31432,hamilai ni bolaununa yeshma please k social media ma famous lai matra bolaune.... hamro dherai nai farak biwah ho... madesi girl married with pahadi boy.... dherai nai struggle bhogera gareko... aafno community ko sooch lai change garne prayash gareko chu so please if possible 🎂🙏💞,Neutral,high,Neutral,Positive,Negative,Negative
10542,nepal dancing vyasi nepal geeet ma garnu ni kin indain geet ma dance garnu paryo,Negative,high,Neutral,Positive,Negative,Neutral
11345,no mcc mcc kharej garnoi parxa good job jyaneder sir 🙏,Neutral,medium,Neutral,Positive,Neutral,Negative
25241,dada nice coup vag 3 pani garnu dada hajur,Positive,high,Positive,Positive,Neutral,Neutral
22690,didi rj sabeena pandey ra uhako husband ko interview lyaunu paryo hajur plz plz plz plz plz plz plzzzzzzz 🙏,Neutral,medium,Neutral,Positive,Negative,Neutral
16918,yesko kaam xaina sujan ko fun park ho shit,Negative,medium,Negative,Negative,Positive,Neutral
19465,sabailai congratulations ruda ruda vok nidra haraisakeko theyo aaja mo lagayet sara nepaliko man khushi xa sontosh sir good job 🙏,Positive,medium,Positive,Positive,Positive,Positive
17394,j hos khusi lagyo yo jodi mileko dekhera..congratulations......,Positive,medium,Positive,Positive,Negative,Positive
26861,"that is why you should invest in crypto.. tapai sanga jati paisa, million dollars bhayani tension hudaina ekdam secure hunxa",Neutral,high,Negative,Positive,Negative,Positive
26947,"ek patak usa army pasyo tyo desh samapta cha example japan ,thiland south korea,iran iyblan.kongo was most example we can see.from usa",Negative,high,Neutral,Positive,Negative,Negative
25207,sangai dekhna paiyos all the best! love you both!!,Positive,high,Positive,Positive,Positive,Positive
12574,"thank you so much hajur haru sabai jana lai for all the love & support. it really means alot to us. 🥹🙏🏻 coming episodes ma ajhai better performance garna kosis garne chau, hajur haru ko maya ra saath ko aasha gardachau.",Positive,high,Positive,Positive,Positive,Negative
10890,kam garir khako ris garni haru ko family pni road ma dhana pauw hey vagaban,Negative,medium,Neutral,Positive,Negative,Negative
24945,bolekai chitta bujena.drugs addict jasto.nahuna pani sakxa,Negative,medium,Negative,Negative,Negative,Neutral
26946,"sir hamro biraj bhatta sir, ramit dhunganasie , nikhil upreti sir ani rajesh hamal sir haru lae ni bolaunu na",Neutral,medium,Neutral,Positive,Negative,Neutral
10188,"tetro dherai questions. ani answers chai yei ho? lol, waste of time",Negative,high,Negative,Negative,Negative,Neutral
17009,gaynendra subedi ramro lagtyoo tra ma pidma xuu tra ekchoti fone uthenaaa mobile off xa,Neutral,medium,Neutral,Neutral,Negative,Neutral
27480,great speaking chanranra sir good,Positive,high,Positive,Positive,Positive,Positive
27547,big fan adhip bro ani tesli case halna parxa bro 🥺❤,Neutral,medium,Positive,Positive,Positive,Neutral
16738,pathivara devi nath sangha praying gareko xu ta mandal pani chadai narka ma bas hose ☠️☠️☠️☠️,Negative,medium,Negative,Negative,Neutral,Neutral
21138,aba rapte nade panejahaj udaunu parch bro,Neutral,medium,Negative,Negative,Negative,Neutral
16877,khusi lagyo dai ko intervew herer ...,Positive,low,Positive,Positive,Negative,Neutral
11471,sunder sds babal tara score kam kina,Neutral,high,Neutral,Neutral,Negative,Neutral
12707,riuu we wanna see agean in aje kal ko love plz,Neutral,medium,Neutral,Positive,Positive,Neutral
24950,"gautam ji sarmila didiko swastha kasto xa, janta jannu chahanxa, ki chahadeina malai chai jannu man lagyo because she is our best sis ppppzzzz",Neutral,medium,Positive,Positive,Positive,Positive
25750,"uslai npl ko president banauna parxa ,,haita",Neutral,medium,Neutral,Negative,Negative,Neutral
27678,nepali ko saan ho so nepal ma live chayo ni big news for nepal so give live in youtube in final,Positive,high,Positive,Neutral,Negative,Neutral
13837,sorry nepal ko patrikar ne i guess same money power ....,Negative,high,Neutral,Negative,Negative,Negative
18461,wooooooow wooooooow gooooooood job badhaixa jantaley maneyo hajurlai elektrik gadi char pangrey banaunu la badhaixa,Positive,medium,Positive,Positive,Negative,Neutral
31436,hohen acahma x yo sansar good take care yourself...,Neutral,high,Neutral,Positive,Positive,Neutral
12504,wow slut xa xori,Negative,high,Positive,Negative,Negative,Positive
15076,amai kti maya grdo raixa i bicharavaile,Positive,medium,Positive,Negative,Negative,Neutral
24454,miss you umesh diju and be strong,Positive,high,Neutral,Negative,Positive,Positive
20030,sahi vanin jyoti mem le,Positive,medium,Positive,Positive,Negative,Negative
27593,jd why r you soooo good yaaar,Positive,high,Neutral,Positive,Neutral,Negative
13700,that women is stupid!!! atti nai murkha.. no use getting along with her..,Negative,high,Negative,Negative,Negative,Positive
26451,long live sidhakura with saugat lamicchane ji.,Positive,high,Positive,Positive,Positive,Negative
27369,rajesh sir nepalko pradhan mantri hunu parx plz guys supporting rajesh,Positive,medium,Neutral,Positive,Positive,Neutral
21399,dherai khusi lagyo long life best of luck 🇳🇵🇳🇵🇳🇵🙏💘♥️♥️♥️,Positive,high,Positive,Positive,Positive,Positive
31883,please dr client ka cha,Neutral,high,Neutral,Neutral,Negative,Positive
17564,prajjwal bhai ko thulo maan rahicha n too his family n especially nirmal sir great work. 🙏,Positive,high,Positive,Positive,Positive,Negative
23053,rip sudip phuyal aba anmol phuyal laii boycutt garnu parxa,Negative,medium,Negative,Negative,Negative,Negative
10479,thanks for live prasaran garnu vaekoma,Positive,high,Positive,Positive,Positive,Positive
23949,nepal ko sabai vanda jhura show mc 😡,Negative,high,Negative,Negative,Positive,Neutral
18259,lila deuja ji lai... big thank you 🙏 🙏 watching from u.k.,Positive,high,Positive,Positive,Positive,Positive
16224,mahan soch mahan b4 seiut xa givina nanu from yas island,Positive,medium,Neutral,Neutral,Negative,Neutral
25221,ali technically error bahek aru superb xa.,Positive,high,Neutral,Positive,Negative,Positive
20927,welcome back sidha kura and ashish chand ji. 1st episode nai damdar chh.,Positive,medium,Positive,Positive,Positive,Neutral
19982,aakar sunar chor nepal chod rip bibek sir 🇳🇵 yay nepal 🇳🇵,Negative,medium,Negative,Positive,Positive,Neutral
20441,"go to hell ankaji goo, goo, gu",Negative,high,Negative,Negative,Negative,Negative
14057,"shameful behaviour yaar , jaatibaad le grda desh yti paxadi pareko x",Negative,medium,Negative,Negative,Negative,Neutral
18245,sab lutne kaam ho mdms,Negative,medium,Negative,Negative,Negative,Neutral
11688,rajinama dinus hajur yesto para le chaldaina,Negative,medium,Negative,Positive,Neutral,Neutral
19903,budo dhalla hai bp badera,Negative,low,Neutral,Negative,Negative,Neutral
21360,my leader sishir and lila etc are just puppets of india... but i will vote sherbahadur him any way,Negative,high,Neutral,Negative,Negative,Positive
27916,mommy ramailo khalko x man safa x.,Positive,high,Positive,Negative,Positive,Neutral
16669,gaire sir ramailo manxey hunuhunx 😊 bikram sir and ina sister love you both ❤️,Positive,high,Positive,Positive,Positive,Negative
31060,why did pranesh accept invitation from this most stupid and non-sense lawar?,Negative,high,Negative,Negative,Negative,Neutral
31653,menuka baini sarai dhukha lagchha hajurko geetko sabdha haru sunda sayd sanaima dhukha payeko manchhe vayera hola 👌 best up luck for your life nd be strong,Neutral,medium,Positive,Positive,Negative,Negative
14581,sala jadiya mukh hernw thueya,Negative,low,Negative,Positive,Negative,Neutral
15392,21st century ma andha biswas,Neutral,high,Positive,Neutral,Positive,Negative
27255,yo comedy show hoki interview ho kehi bujen 🤣,Negative,high,Negative,Neutral,Neutral,Neutral
13118,we need bhawana gaire in interveiw 👊😑,Neutral,high,Negative,Negative,Positive,Neutral
15321,she could state her opinion but way she tell that hindi is nepali language literally very shameful .......tesovaye k nepali language caii south africa bata aako ho 🙄,Negative,high,Negative,Negative,Negative,Neutral
19070,total 17 multiplied by 23 total 391 hunxa vane 5 lakh chai kasari kharcha vo,Neutral,medium,Neutral,Neutral,Negative,Neutral
23414,jasto manche ustai interview wow dinesh je thanks 🙏,Positive,high,Positive,Positive,Positive,Positive
12851,yo mcc pass garnu parx vanne dalal ko hat katidinu parx...,Negative,medium,Negative,Neutral,Negative,Neutral
31777,kina nirmal ko style copy gareko?,Neutral,high,Neutral,Neutral,Negative,Neutral
17300,fuck off surya sir.,Negative,high,Negative,Negative,Negative,Positive
13605,subha kamana sir im watching to mumbay,Neutral,medium,Positive,Positive,Positive,Negative
16512,resi sir laie uskoie udaran baball.,Positive,low,Neutral,Negative,Neutral,Negative
22089,pahilekai aawaj chainx report ma,Neutral,medium,Neutral,Negative,Neutral,Negative
27520,nipali lai chaixa yasto jotis bides ma tw hunna tw haha aanda biswas jpt,Negative,low,Negative,Neutral,Negative,Neutral
26165,sala kuttz bodho dimg kati maii janni vyerw bolyko gu haruuuu,Negative,low,Negative,Negative,Negative,Neutral
18603,dai new vdos aayena ta aaja 2 days vayo. we r waiting ur new vdo,Neutral,high,Neutral,Positive,Negative,Negative
22001,570 money monoj ...raif no give 570 real saudi arabian momry,Neutral,high,Negative,Negative,Negative,Negative
20178,"the year is 2033, dinesh sunar rai is the prime minister of nepal since 2028 and sugauli treaty has been abolished. jai nepal.",Neutral,high,Negative,Negative,Positive,Positive
18643,dinesh katwal ko programe present grne tarikai vayena yrr,Negative,medium,Neutral,Negative,Positive,Neutral
26016,suraj lai support garam vane sabai bairako manche matra xa kathmandu valley ko sabai janta haru amalay maubadi congress lai support xa,Neutral,medium,Neutral,Positive,Neutral,Negative
24285,yo hamala ko question nai bhayena suresh ko answer nai na buji bolni 😔 vote for suresh 🙏,Neutral,high,Negative,Negative,Negative,Neutral
21078,"muji yo interview line kt valu jastai cha muji valu , jpt headline banayera muji valu",Negative,medium,Negative,Neutral,Positive,Negative
31118,basi respect n garnu muslim lai..,Negative,high,Positive,Positive,Negative,Positive
16711,yek barsa 50praent bajed simama bar lagaunapar a,Neutral,medium,Neutral,Negative,Negative,Neutral
10822,bt tyo surendra vnni damna lai pni lyauunu pryo k sir bt yo maitiko sport ma salam xa,Neutral,medium,Positive,Negative,Negative,Neutral
16937,mero ta voting card nai xaina 😁😅,Neutral,high,Neutral,Neutral,Positive,Neutral
12123,"ktm bata vote dine matrai yo comment ma like garideu tw , hami pani guess garau kati vote aaula 🤣",Neutral,high,Neutral,Negative,Negative,Neutral
22454,salute her wow bagawan hunucha banne yehi thaha huncha kawtti ramri bhaini proud her keep it up,Positive,medium,Positive,Positive,Positive,Positive
11038,rent ma dina ho bhana ma lina ready chu please call me 9818883302,Neutral,high,Neutral,Neutral,Negative,Negative
23939,good good hjr lai dhanyabad ko kunai sabdanai xina kasari sambodhan garau midiya sir ji hjr lai dherai dherai dhanyabad verry happy good,Positive,medium,Positive,Positive,Positive,Negative
17575,bhai chass fuklera auna hai . u looks unsocial and looks like trying to avoid contact while talking with sun glass . expert recommendation,Negative,high,Negative,Negative,Negative,Negative
23790,nisabd vaya lekhn kehi sakin,Neutral,low,Negative,Negative,Negative,Neutral
13743,khusi ko kura aayo gaurav broo,Positive,medium,Positive,Positive,Neutral,Negative
24885,ramro prativa 6 sis.ko,Positive,low,Positive,Neutral,Negative,Neutral
16140,manche voice acting sabai exact ..esto pani huncha,Positive,high,Neutral,Negative,Negative,Neutral
20552,background sound clear rakhnu vayo vane interview herna man lagxa yo ta disturbance vayo,Negative,high,Neutral,Negative,Neutral,Neutral
17534,dherai ads aayo. thet!,Negative,low,Negative,Positive,Negative,Positive
24135,dajuko kura super nepal garib hoina derai dhani xa ho....😍,Positive,medium,Positive,Positive,Positive,Neutral
17919,"khoi t social distancing , khoi t kasaile mask lagako",Negative,medium,Negative,Negative,Negative,Neutral
11920,"programme nepali, using language purai english?",Neutral,high,Neutral,Neutral,Negative,Neutral
12470,ganendra sir. don't waste your time. yo partaker jane ra buddi le hoina....karayera ra party ko back up bata partaker vako ho?,Negative,high,Negative,Negative,Negative,Neutral
27584,dami xa nanu song man paro mali,Positive,medium,Positive,Negative,Negative,Neutral
18031,sound ali thik vayan last eco vayo,Negative,medium,Neutral,Neutral,Positive,Negative
14388,where is viju parki ?? i'm here only for him..,Neutral,high,Neutral,Neutral,Negative,Neutral
13311,i salute uuu dip sir .i heartly respect uu....,Positive,high,Positive,Positive,Positive,Positive
21358,"look at that girl with black glasses, 2 jhapat layera vui ma thuchuk kai basai dinu parne.. kasto sital kasto sital jathi paras ko pucchar, wannabe shrinkhala",Negative,medium,Negative,Positive,Negative,Negative
27689,tapai lai pani mah chidiana name fame ko lagi bolenye chudel .bolney vaye sai bekati ko lagi bol,Negative,medium,Neutral,Negative,Negative,Negative
16498,divide and conquer rule hudaicha plz be careful 🙏,Neutral,high,Negative,Negative,Positive,Neutral
31424,sir mali hajura ko mobile number dinuna,Neutral,high,Neutral,Neutral,Positive,Neutral
27035,ali practice pugena urusha ji ronit ji ….please urusha ji moody nabanidinu ronit ji ko struggle lai pani her dinu !!!,Negative,high,Neutral,Positive,Negative,Negative
17927,bahini chaahi chanchale rahexa git gauna chaahi talent didi chaahi lajalu tipeko and so cute pani i like it,Positive,medium,Positive,Positive,Positive,Negative
23865,wow so sweet voice suyog ji wish all the best ❤,Positive,high,Positive,Positive,Positive,Positive
22019,cobra mission fail ksari grne ho baba,Neutral,high,Negative,Negative,Negative,Neutral
20201,ksam hola m kun bela ruye xu kun bela asu garex thahai vyen 😭,Neutral,medium,Neutral,Negative,Negative,Neutral
15365,ek dam sahi vannu vayo aliza mam we all want you on this industry forever and keep supporting her always.,Positive,high,Positive,Positive,Positive,Positive
17802,xa np pariwar sanga xa,Neutral,medium,Neutral,Neutral,Neutral,Neutral
25876,good samsad nai aabaj hunu patxa good spech,Positive,medium,Positive,Positive,Positive,Negative
14983,"before arguing to laxman,be rdy with information..... laxman rocks",Positive,high,Neutral,Positive,Negative,Positive
24690,hey bhagwan kin hola hamro thwao manxe yesta,Neutral,medium,Neutral,Positive,Negative,Neutral
23571,brave girl salute to her samikshako lagi bolne tori toriniharu yo her ani bolll,Positive,high,Positive,Positive,Positive,Negative
13734,yo keti ta dherai sukha payera mateyko jasto cha...tht footage which was shot at the hotel is her asli roop..thad thadai bhanjdai afu vanda thulo sanga...yo bhai and his family are very decent,Negative,high,Negative,Positive,Neutral,Positive
23347,yesta pagal ko interview line sisi jhole pakka jhole rahex,Negative,medium,Negative,Negative,Negative,Neutral
22193,kati ramroo nanii bathooo pne....,Positive,low,Positive,Positive,Negative,Neutral
22567,sabi dami x yo show aajako chi,Positive,high,Positive,Neutral,Positive,Positive
13363,title kina testo rakheko xeee,Negative,medium,Neutral,Negative,Negative,Positive
24693,vision clear xa bahubali ko 👌 i mean mr bikram ko keep it up,Positive,high,Positive,Positive,Positive,Neutral
20815,amit ko ra budha ko voice same,Neutral,high,Positive,Neutral,Negative,Negative
11978,prem geet 3 nepali film of hindi dubbed only pagal bhuwane,Negative,high,Negative,Neutral,Negative,Negative
18453,yati ramri manxey huno hunxa sister aafu strong huno testo paapi lai life ma maaf nagarnu ek din pagal vayra marxa sister yati sojo manxey lai cheat garyako xa teslai life ma ramro hunaa paapi khatey lai,Negative,medium,Neutral,Neutral,Negative,Negative
21670,lk a kejariwal....done by hand ....new gen power of ignite....lvly vision....,Positive,high,Positive,Positive,Positive,Positive
27554,daele nya paunu parxa,Neutral,low,Neutral,Negative,Neutral,Negative
11153,ekdam ramro lagyo thank u tapai lai ani prime lai # wel come to nepal pawandeep 🙏🎉🤟,Positive,high,Positive,Positive,Negative,Negative
25583,one of the best interview seen on bastola ko hamala.,Positive,high,Positive,Positive,Positive,Positive
24859,where is sundar dance?,Neutral,high,Neutral,Neutral,Negative,Neutral
18303,kati cute voice.. go ahead...sanu manxe ❤️❤️❤️,Positive,high,Positive,Positive,Positive,Positive
11545,raj ek sachadesh vakti citizens hun,Positive,medium,Neutral,Negative,Positive,Negative
13753,kasto karani garna khojne hora bachha kher kada pani...blood nai blood hunxa....dr.aafno thauma thik xa usle blood clean garna haat halnai parxa ra tyo medc blood rokne mdcn ho chakkar ta laihalxa ni tetro blood gako hunxa,Neutral,medium,Negative,Negative,Negative,Neutral
25096,english news poni nagariyos ani news ma english sabda nahos,Neutral,high,Neutral,Negative,Negative,Neutral
17134,1st time ho thorai nervius thorai unconseas vako jasto dekhiyo kei xaina bistarai success hudai janx.keep going on.🌷🌹,Neutral,medium,Positive,Positive,Negative,Neutral
21748,dai lai ta tiktok ma daknu powtyo aju song video ma pone daknu payo #congress,Neutral,high,Neutral,Neutral,Negative,Neutral
27178,panini budi ama yesto laita ajai corona lagihalos,Negative,medium,Neutral,Negative,Negative,Neutral
21775,pura acting gardai xa yo,Negative,medium,Negative,Negative,Positive,Positive
24965,prabhat babu ko pap lagla prativa vholi rune din aucha prativa ❤,Negative,medium,Positive,Positive,Positive,Neutral
22164,deepa is tharo vaishi ho,Negative,medium,Neutral,Negative,Negative,Negative
14137,aba final ta k hernu ho.,Neutral,high,Neutral,Negative,Positive,Neutral
15599,tiktok i'd name k xa,Neutral,high,Neutral,Neutral,Negative,Neutral
10692,yo program ma 9876 choti aayush sir ko name aayo .. 😀 toit .. kati khedo khaneko yo sisi gamala le 😜,Negative,high,Neutral,Positive,Negative,Neutral
31521,how beautiful subani dijju is!!!😇😊 and her husband seems to be very humble guy,Positive,high,Positive,Positive,Positive,Positive
11444,ab 2dejnaa lai rakhnu pryo bro,Neutral,medium,Neutral,Negative,Negative,Neutral
21926,daju malai tw kasto kennaa mon lageo ......you are great,Positive,medium,Positive,Positive,Positive,Positive
17189,is this former journalist ko channel ho ki kasko ho?,Neutral,high,Neutral,Neutral,Negative,Neutral
31311,abishek ji great....keep it up...,Positive,high,Positive,Positive,Positive,Positive
26384,yo video maa dislike garne mc lai desh nikala gar npl dhoti sarkar,Negative,high,Negative,Negative,Negative,Negative
12789,yo chai sarai ramro kam garyo police le very good job,Positive,high,Positive,Positive,Positive,Positive
15435,answer yehi ho to know the difference between rajesh hamal & deepakdeepa !!,Neutral,high,Neutral,Neutral,Positive,Positive
22147,lutne kaam ho mdms,Negative,medium,Negative,Negative,Negative,Neutral
14912,pgll halu mug machine budo haluu kam xinn timi halu,Negative,medium,Negative,Negative,Negative,Neutral
21091,barsa ra sanjok paxe ko jodi eni 2 man parne le plz like,Neutral,medium,Neutral,Positive,Negative,Neutral
12099,nepali cinema ho. hindi dubbed ma janata le herna khojecha.. hindi dubbing artist is good. hamarai cinema ko promotion hune ho.. 8 baje paxi show garna napaune ???,Neutral,high,Neutral,Positive,Negative,Neutral
12273,prime minister chahi mann pari,Neutral,high,Positive,Neutral,Positive,Positive
21501,aba maile final chai naherne nirdaye gare 😅,Negative,high,Neutral,Neutral,Positive,Neutral
31409,jodi namile ko pakkai ho anuja rw sunik bk,Negative,medium,Neutral,Negative,Neutral,Neutral
25161,"ramro nai xan but my best twin,s deepa damanta ho la",Positive,high,Positive,Positive,Neutral,Neutral
24016,nepalma hero ra directorlai ni garo cha yrr all best kamai ramro hos 😘😍 film chalnu pariyo yedi chalena vane nepalma aagoo balcha 🙏,Neutral,medium,Positive,Positive,Positive,Positive
11591,prativa chand ko las nepali janta le nikalcha aba its matter of time,Negative,high,Neutral,Neutral,Positive,Neutral
12114,lila le daroo veto boli banda,Negative,high,Negative,Negative,Negative,Positive
31851,yagya sir voice morning ma bhagwanko radio programmko host jastai cha,Positive,high,Neutral,Positive,Neutral,Neutral
25061,my favorites n support a k a best wishes 💕 top 5,Positive,high,Positive,Positive,Positive,Positive
13520,camera quality chai babal xa,Positive,high,Neutral,Negative,Positive,Positive
25025,corona ley mar testa gharbeti,Negative,high,Negative,Neutral,Negative,Neutral
18238,kati lyang lyang garya ho hami yeha japan ma hindi ma herna jadai xau. hamro nepali film bishow bazar ma jadai xa. we should feel positive and support it. dherai bakwas nagarum...,Negative,high,Neutral,Positive,Neutral,Positive
23734,samaya anusar chalnu parxa ....nepali history ma one of the top...mover and film industry la kolta farkina bala ho...yedi yo movie chalyoo vana hamro nepali la ramro place pauxa .....,Positive,high,Positive,Positive,Negative,Negative
23152,really heart touched this word ( tho seto building ho is a pachhadi ko dharahara hoina) exactly seto building.,Neutral,high,Positive,Positive,Positive,Negative
18213,"very nice job...keep it up...janata ko sewama,samarpit hunuhos bhani,pashupatinath sanga prathana gardachu.jay nepal.we need you.",Positive,high,Positive,Positive,Positive,Positive
13395,bhim rawal lai priminister banaunu parxa,Positive,low,Neutral,Negative,Neutral,Negative
24058,"gov. le list garyako 98 types of medicine import ban garyara, only gov. le import garyara disrtibute garya bhayo ne?",Neutral,medium,Negative,Negative,Negative,Neutral
27653,"nepali ko janta ra media. aafai court aafai lawyer, aafai law 😂",Neutral,high,Negative,Neutral,Negative,Negative
27730,braj bhatta before raowdi,Negative,medium,Negative,Neutral,Positive,Negative
10170,dancing with the star nepal vanda dancing star nepal ramro banako raixa . dancing with the star nepal may be frenches vayar hola sabai unihatuko thim vitra baser program banaune parne hola . ani dancing star nepal chahi aafnai vayar hola free vayar vivinna thim rakher chaleko ramro xa . dancing star nepal .man paryo,Positive,high,Neutral,Neutral,Negative,Positive
12856,wow kathi ramro bholnubo thailand vata,Positive,low,Positive,Positive,Positive,Positive
25638,uncle lai man mutu dekhi nai saman mero sirnai jukaye manxe manxem kin yesto ho ufffffffff 🙏🏾🙏🏾🙏🏾,Positive,medium,Positive,Positive,Negative,Negative
31600,pawan deep lai as soon as posible interview ma lyaunu paryo....,Neutral,high,Neutral,Positive,Negative,Positive
15578,bk be like: euta geet gaidinus na 😂,Neutral,high,Neutral,Positive,Negative,Negative
11544,today sarswati dhimal perfermance fire 💥 what a perfermance,Positive,high,Negative,Positive,Positive,Negative
22119,haha 😂 yasta pane dance huda rae xan nepal ma gaau ghar ma hunx yasto dance ta,Neutral,medium,Negative,Positive,Negative,Neutral
27333,unlike garneli mobile chalauna audaina ho?k khana unlike garya arise haru nepali daju bhai great job,Negative,medium,Neutral,Positive,Positive,Negative
19759,😭 yo video heryr ta malaii lastai aakha bata aasu aayo 😢😭 dubaii jana ko aakha ma aasu 😭 so sad news 😭,Neutral,medium,Neutral,Negative,Negative,Neutral
17995,baburam chior ko ramro kura garunu vako ma thank u,Negative,medium,Positive,Positive,Negative,Positive
21924,paisa cha j pni grnu sakxa k hawa hawa upld gri bascha... tyo vnda best social work grnu ni...,Negative,medium,Negative,Negative,Neutral,Negative
31871,yo couple sarai suhaoudina yr!,Negative,high,Neutral,Positive,Negative,Positive
25759,"such a beautiful soul exists in nepal !!! i feel so blessed to get an opportunity to watch such an inspiring show !!! 'myadi prahari' vanne sabda nai pabitra laagdai xa malai ta ahile !!! thank you so much to the entire team, including tikaram yatri of ap1 hd and a living angel, nipesh dhaka !!! god bless you all !!!",Positive,high,Positive,Positive,Positive,Positive
13514,plzz next time neelu mam lai chai narakhnu hola plzzz,Negative,high,Neutral,Positive,Negative,Negative
20751,dotyali jalkyo badda ko mukh ma op kaka ❤️❤️,Neutral,medium,Neutral,Positive,Negative,Neutral
19485,ahile ta khub bolixe nepali,Negative,medium,Positive,Negative,Neutral,Neutral
27371,yo kt le paesa khayko xa yo kukurni ho,Negative,medium,Negative,Negative,Negative,Neutral
16103,yo kamala karmacharya le vane anusar garum na nepal ma indian currency chalaya vaihalyo ni indian note ta nepal ma jahi tahi chalcha ta .,Neutral,high,Negative,Negative,Negative,Neutral
19577,hawa mg kk ho,Negative,medium,Negative,Negative,Neutral,Neutral
22683,laaj mardo arilines ma plane ma live reporting garna jane fata patrakaar,Negative,medium,Negative,Negative,Negative,Neutral
10500,congratulation my brother keep suport teha ko manxe haru li,Positive,high,Positive,Positive,Positive,Positive
24864,samaj ko lagi yo auta positive example ho,Positive,high,Positive,Positive,Neutral,Positive
12395,oh my god 108yrs old really surpris.....muwa aasibard pau....,Neutral,high,Positive,Negative,Positive,Negative
24041,"journalism alik pakhhe parecha, nonsense question...anyway she won't win, 100% sure....",Negative,high,Negative,Negative,Negative,Positive
13686,mobile ko storage full bhayo hola... kati gb ko ho mobile?.. by the way mr rajesh hamal is hamal.,Neutral,high,Neutral,Neutral,Negative,Negative
26293,tw haru tero rw mero vandai basxes muji huru kam chai tw haru mare paxi banuxes tw muji haru kohi poni chaidain tw muji haru sabai chor khate mc des becher khanu natc garirakheko xes muji haru 😡,Negative,low,Negative,Negative,Negative,Neutral
21735,rukum jyan mara gau lai muda halna prx,Negative,medium,Negative,Positive,Negative,Neutral
31194,rasaili le je bole thik lagyo but panday le kan band gari rakhxa,Positive,medium,Neutral,Negative,Negative,Neutral
15806,hello bhai baini mero piaro midia bhai m india army mejor c b sunar army medical corps ko ho hjur lai dhanyawad,Neutral,high,Neutral,Positive,Negative,Negative
17902,2nd: question ko subject ko alik deep research napugiyeko hoki jasto dekhiyo.,Neutral,high,Neutral,Neutral,Negative,Neutral
20148,10:14 when she says aaucha ki katai bata and looks around,Neutral,medium,Neutral,Neutral,Negative,Neutral
19937,ani binit g le ghamad questions garxa,Negative,medium,Negative,Negative,Negative,Neutral
12570,pida vaye pani his smile omg 😊😢😭,Neutral,high,Neutral,Positive,Neutral,Negative
11610,yo materials ko dam policele dinu paryo,Neutral,medium,Negative,Neutral,Neutral,Negative
17315,"gyani xori, beautiful xori god bless you",Positive,high,Positive,Positive,Positive,Positive
19763,language is not the intelligence haso majak pachi as a presenter tellai nepalima ultha garainu parthyo !!! peri arko trollko khurak banna pugyo 👏,Neutral,medium,Negative,Negative,Negative,Positive
22456,g bob you got potential myan we wish you to come with bang 🔥,Positive,high,Positive,Positive,Neutral,Negative
14979,rahula galti maf gara yr yek choti nani le ni next time yesto galti nahoss,Neutral,medium,Negative,Negative,Negative,Neutral
10555,so nice family dai bhauju i like it,Positive,high,Positive,Positive,Positive,Positive
19078,maanabta vanne 1percent xoina..,Negative,low,Neutral,Negative,Negative,Neutral
18189,that ..is great kki...di you r right ..,Positive,high,Positive,Positive,Positive,Positive
13587,yesta yesta manche jiudai vayera nepal ma aandhabishwash badhcha,Negative,medium,Neutral,Negative,Negative,Negative
18590,"so cute chhori, same like her mum. yasto cute chhori laai chhodna sake kai ho, kasto nisthuri aama.",Negative,high,Positive,Positive,Neutral,Negative
24272,f**k nepali reporter sab lai content chayencha,Negative,high,Negative,Negative,Negative,Neutral
13232,best couple in the world 🥰😍 kati saskari kati nammarata kati sahansil 😍💕,Positive,medium,Positive,Positive,Positive,Positive
11841,what a talent guy ..nepali public should give chance to him.ajai pani tyahi budo neta haru lai jiyayau vane des kahile bikas hudaina,Neutral,high,Positive,Positive,Negative,Negative
31011,mero fav sis haru ❣,Positive,high,Positive,Positive,Positive,Neutral
23417,najani najani english bolnu vanda nepali nai ramro hai madan ji. ali homework garnu paryo english ma.,Neutral,medium,Neutral,Negative,Negative,Negative
11041,wow mero best singer aaja ma dharie happy xu nice bro hajur le medeya ma lehyko ma thank you so much ❤️,Positive,high,Positive,Positive,Positive,Negative
24399,sameer dai please do something for nepal vote for youth,Neutral,high,Neutral,Negative,Negative,Negative
16838,mom dad vagwan ho kati aasu aayo ni mom dad ko maya,Neutral,high,Positive,Positive,Negative,Neutral
17263,teri ma door cha bahunbadi media bichara lai kathi paisa khulayera yeso gaar bhane ko chsss teri mschkni baru sakchass bhane tero aama ra tero budi ko vidro uplode gare bahunbadi media haru,Negative,medium,Negative,Negative,Negative,Negative
27285,i like yours tecnicol works baigyanik .wishu all the beast,Positive,high,Positive,Positive,Positive,Positive
13616,yo mg lai kasle diyo bey interview lina... common sense xainna...,Negative,high,Negative,Neutral,Negative,Positive
27054,but where is our samba???????? maile nabujeko kura,Neutral,high,Neutral,Negative,Negative,Positive
18859,aba yesto guiye program ma na aaunu incase bolayo feri vane,Negative,high,Negative,Neutral,Negative,Neutral
22886,"dulhai ko timmur pe lage rahecha - - yo bhane ko ke ho? help me understand please. got it - - she meant tumor , a growth in the body that is mostly harmless but sometimes cancerous. very rarely cancerous.",Neutral,high,Neutral,Negative,Negative,Neutral
16773,8 class fail joker,Negative,high,Negative,Negative,Negative,Neutral
27545,saugat dai looks change hannu paro,Negative,low,Neutral,Negative,Neutral,Negative
24447,wow so beautiful ❤️❤️puja mam 🙏,Positive,high,Positive,Positive,Positive,Positive
25980,yo honi shailee ❣️❣️,Positive,medium,Neutral,Positive,Positive,Positive
18368,geeta pradhanang is one of my favourite actress in nepali movie industry.love u mam ani yo boksi ghamandi bhawana ta dekhyo ki vomiting auxa,Negative,high,Positive,Positive,Positive,Negative
17076,euta piano rakhnu paryo bhatta sir studio ma.,Neutral,high,Neutral,Positive,Neutral,Neutral
19165,where is ngo ingo...social activists ?,Neutral,high,Neutral,Neutral,Negative,Neutral
24524,first time skip nagari hereko interview ♥️♥️,Positive,high,Positive,Positive,Negative,Positive
12865,💔😭 bichara dai derai garo vayo man thamna sakina 😭,Neutral,medium,Neutral,Negative,Neutral,Neutral
18197,aba nabin g jhanai kada bhayera neuton ko 3rd law of the motion ko proyog garnu parchha !♥,Neutral,high,Neutral,Positive,Negative,Negative
12836,wow para jeri good look,Positive,high,Positive,Positive,Positive,Positive
12605,daju mali 32 jati aaru ko acting garna aaucha plz mero talent pani support garnu paro from surkhet,Neutral,high,Neutral,Negative,Positive,Neutral
17841,katti add rakhya video ma?,Negative,high,Neutral,Neutral,Negative,Neutral
16100,dai india arimy ko jasto melawonu pariyo yr 😭,Neutral,medium,Neutral,Negative,Negative,Neutral
11465,bichara almost ans na bujhya ra deya jasto lagyo madan ji anjali lai aba english language siknu vanu hai hehe status hehe (answer fb status),Neutral,medium,Neutral,Positive,Negative,Neutral
17122,nepali vhasa sik na pareo asta moslim,Negative,medium,Neutral,Negative,Negative,Neutral
17702,yo manxe rupak daiko party ma lagera agadhi badhnu parne... ani afno vision pani applied garna pauthyo... aayera gayeb hunx jasto lagx bro but best of luck,Neutral,medium,Neutral,Positive,Negative,Positive
18718,long live bimal ji with your sweet singing:,Positive,high,Positive,Positive,Positive,Positive
11415,party ko neta haru sanga paisa khayera crorepati bhayeko neta aakar thapaliya. 12 bhai madya ko chor patrakar. rest in peace aakar thapaliya and kantipur ko gm.,Negative,medium,Negative,Negative,Positive,Negative
22319,aryal dd ko kura 1dam sahi xa,Positive,low,Positive,Positive,Negative,Positive
31971,neta haru hasne bhaye..... hehehe....,Neutral,low,Negative,Positive,Neutral,Positive
26928,ta le ni gajobko kuragarxs budo,Neutral,medium,Neutral,Negative,Negative,Neutral
17996,i just want to know 1 mahina hotel ma vayo chai k...😂,Neutral,high,Neutral,Neutral,Negative,Neutral
22939,bale ko real girlfrnta munni ho kyara hoinara,Neutral,high,Neutral,Negative,Neutral,Neutral
14551,kati kati mithooooooooo boli ho hjr ko mua 😍😚😑😚😊☺,Positive,medium,Positive,Positive,Negative,Neutral
17941,akashlai elija man parax hahaahaha,Neutral,medium,Positive,Positive,Negative,Neutral
15862,j hos traffic police 👮‍♀️ chai hajar ma 1 dekhiyo. police sir lai dekhera khusi lago,Positive,high,Positive,Negative,Negative,Negative
11592,mawobadi lathepro samsad sugauli ko kura garxa yo lathepro kasari samsad vayo,Negative,low,Neutral,Negative,Negative,Neutral
23539,"16 ghanta ko gap ma kasari khane (?) for example, aaja 5 pm ma khana khayo bholi 9 am ma khana khayo (16 ghanta ma). day after tomorrow (parsi) 1 am ma khana khane !! 16 ghanta ko gap le yehi bujincha.",Neutral,medium,Neutral,Positive,Negative,Neutral
19125,sareta gere das durhooe sale,Negative,medium,Negative,Negative,Positive,Neutral
31631,what is this yr.. kasto results ho yo durga niskanu hudaina tho xiiiii kasto vako 😭,Negative,medium,Neutral,Negative,Negative,Neutral
13206,bachlor certipicate lina janu vayako,Neutral,medium,Negative,Negative,Positive,Neutral
18263,educated uneducated katti farak hunx,Neutral,medium,Negative,Negative,Negative,Positive
24451,hahahahahahahhahahahhahahaha mata pagal bhako comedy le,Positive,low,Negative,Negative,Neutral,Neutral
11907,finally someone with some economic sense !!!!,Positive,high,Neutral,Positive,Positive,Positive
13280,#chhiring aji what a nic dance 💖🙏,Positive,high,Positive,Positive,Positive,Neutral
19871,bolima kya dam xa hai dr.toshima g ko,Positive,medium,Positive,Negative,Negative,Neutral
22955,"amna, perfect nepali language.",Neutral,high,Positive,Positive,Positive,Positive
22502,wow kati cear garnu hunxa ek arkali my best jodi love u mutu haru 👫👨‍❤️‍💋‍👨💝,Positive,medium,Positive,Positive,Positive,Positive
12111,abata b.a. garnanaii dar laisako hu malaita aafuni vakhar lageko lahure b.a. garne awasthanaii nahune vyo k dar layo my lord 😥,Negative,medium,Neutral,Negative,Negative,Neutral
18498,hello ashish dhama goru take respect give respect,Negative,high,Positive,Positive,Positive,Positive
27880,"yo nepal ko dabba plane ma jhukkiyara pani nachadau kabadi ko plane chalayo jahile accident ,,rip will who lost life",Negative,high,Negative,Negative,Negative,Negative
31354,pandey got whitewashed by gaurav !!,Neutral,medium,Negative,Negative,Negative,Positive
13991,aur family financial condition,Neutral,high,Neutral,Negative,Positive,Neutral
25424,all team lai jit ko congratulations,Positive,high,Positive,Positive,Negative,Positive
27319,rama kumari ghana kam nalagne. sangsad. rahix kharab kura lai samrthan garx. m c c pani yo ghakri laini chahine e sab kharab,Negative,medium,Negative,Negative,Negative,Negative
24955,ganta jasto kura garcha swastima...lay fuck of her advice...,Negative,high,Negative,Negative,Negative,Positive
11716,yo program ko starting ma post vae ko video ma khai ta enough is enough campaign ko satyagraha ko bisaya khai??,Neutral,high,Neutral,Neutral,Negative,Neutral
23067,yo khateni lai yo show ma leunu mai dherai galat gariyo kya viral huna ako sala khateni 😡 rip to khateni,Negative,medium,Negative,Negative,Negative,Negative
27225,madarchod haru lai ghar,Negative,medium,Negative,Negative,Negative,Negative
17318,rahisha is best is best but budda lama le kaile bujhena so ma budha lama ko kunai song herdina bahut ghamand xa budha lama...,Negative,high,Neutral,Positive,Neutral,Negative
26312,register garera quality maintenance check garea ra raksi utpadan garna dinu paro sarkar.,Neutral,medium,Neutral,Neutral,Neutral,Negative
18419,namaste good news saudi bata ma hajur le sabai party ko name lidinu pariyo sir ji jiteko athwa jite ko,Neutral,medium,Positive,Positive,Negative,Neutral
17968,nepali muslim kasari hun sakxa,Neutral,medium,Neutral,Negative,Negative,Negative
18861,"australia, brisbane ma pani feri release garnu paryo chakka panjja 2, please !!!! or, you can release it on nexflex.",Neutral,high,Neutral,Neutral,Negative,Positive
31963,timi pani looks like karala people's hahaha,Neutral,medium,Neutral,Positive,Negative,Negative
31111,"community is community,,deuja jee",Neutral,high,Neutral,Positive,Neutral,Positive
19922,plz boycott dipa deepak movie chakka panja,Negative,medium,Negative,Negative,Negative,Negative
25462,best of luck karishma studylai kunai umerle xekna sakdaina baru ronit olile pani ssee nadie sarkar chalauna paudaina vanne haru yata haajirr and karishma diko bicharko hami kadar garxau ra dherai ama di haruko manma josh ra umanga pani pakkai xarine xa and ones again best of luck karishma sis,Positive,medium,Positive,Positive,Positive,Negative
26096,hiro ho gynedra sahi good job,Positive,high,Positive,Positive,Positive,Positive
24287,could you please change your name of the programme from bravo delta to aham sawal,Neutral,high,Neutral,Neutral,Negative,Neutral
10177,cmt ma dress hoina relationship status ko kura xa 😂,Negative,high,Neutral,Neutral,Neutral,Neutral
14378,samikshya adhikari is feeling sad 😞 with durgesh pandey and 5 others. 😂😁,Neutral,high,Neutral,Negative,Negative,Negative
23921,great work raju sir hjr lai bisesh selut 🙏,Positive,high,Positive,Positive,Positive,Positive
15210,nice joke raute vai ko 😁,Negative,high,Negative,Positive,Positive,Positive
17142,sara out hunu parne ho ...yo ta challenge ho ni...aru le alikati mistake garda judge haru le 7 dine..sara le 100% mistake garda pani judge haru le 8 dine 😅,Negative,high,Negative,Negative,Negative,Neutral
22083,kyaa majaa aayo sunnna. 🌻💜 such a great personality and inspiration 🌻,Positive,high,Positive,Positive,Positive,Positive
19321,aaja ko almost sabai performance best vanda best lagyo all the best to all,Positive,high,Positive,Positive,Positive,Positive
11180,king cobra ho tyo,Neutral,high,Neutral,Negative,Positive,Positive
12401,sabaiko valo chahane uddar garne manis dinesh deuja god bless your family! hjr,Positive,medium,Positive,Positive,Negative,Negative
13897,nameste sabailoi hamro channel ma ni joint hunu hola hai 🙏❤️❤️,Neutral,medium,Neutral,Positive,Negative,Neutral
24095,what is your cell no dj taxi ?? balsudan 9880 566272 ** **,Neutral,high,Neutral,Neutral,Negative,Negative
31675,sonam ji multitalented raicha 👏,Positive,medium,Positive,Positive,Positive,Negative
26501,yasari noi abo mcc poni kharej garnu paryo...,Neutral,low,Negative,Negative,Negative,Neutral
24022,sontosh dy git damy cha la,Positive,high,Positive,Negative,Neutral,Neutral
27261,"first of all,, huge salute daju lai , yesto supportive hunuhudo raicha.. ani nani pani kati strong and talented.. nani lai nepal le matri hoina sansar le chinosh..",Positive,high,Positive,Positive,Positive,Positive
25904,ahileko voice of nepal sijan 3 ko bijeta santosh gajmer hunu parxa...hjrko lagi hami sakdo vot garne xau god bless you ❤️❤️❤️,Neutral,medium,Positive,Positive,Negative,Negative
27442,god bless u hjr lagayet babu nani lai. god chado saudi bat ghar farkai dinu hoosh ma pani yee prathana garxu. from hong kong,Positive,high,Neutral,Positive,Negative,Positive
13804,yo interview ek jana ko matra ho ki k ho? interview line le ne equal bolna dinu parcha ne...kati contineous bolna sakeko...ek jana lw matra..ufff irritating po lagyo...,Negative,high,Negative,Negative,Negative,Neutral
13401,slute xa nepal prahari teem lai good job,Positive,high,Positive,Positive,Neutral,Positive
13989,pradhanang talking like a gamala,Negative,high,Neutral,Negative,Positive,Negative
14465,sujit jee you good job lucking you dherai aruko vadha volnuta aaudain hamro gau gharko vasale volxu xatta xina vayeko deshko vikash nuxaki vanne hamro thulo sashaa garxu you good all good,Positive,medium,Positive,Positive,Neutral,Negative
27533,sir! hjr ko camera man ko pni.. interview linu his na 😍,Neutral,high,Positive,Positive,Positive,Neutral
16021,sarkarle niyam kanun. banana paryo ni,Neutral,medium,Neutral,Negative,Negative,Neutral
27664,finally waiting over vayo,Positive,high,Neutral,Neutral,Positive,Positive
14063,lila sir tapai ko jati video herxu kati video harxu dil unxa mu india bada hary ko video nice job god bless you hajur lai,Positive,high,Positive,Positive,Negative,Negative
10884,salute kenopama chaudary mam,Positive,high,Positive,Positive,Positive,Positive
25539,shame on you surya subedi !shame on you surya subedi !,Negative,high,Negative,Negative,Negative,Positive
25930,new century new journey life madhu didi,Positive,high,Positive,Positive,Positive,Positive
20643,ramro hospital ma check garaunu paryo,Neutral,high,Neutral,Negative,Negative,Negative
13159,sala valu deepa i no euta bolne saili aukat xaina bolne,Negative,low,Negative,Negative,Negative,Neutral
27011,yo anchor lai anchoring garna audaina,Negative,high,Negative,Neutral,Negative,Positive
14536,aja ta singh twaahh!!😂,Positive,high,Negative,Positive,Negative,Positive
20746,khasai ramro interview bhayana!! halka lagyo!!,Negative,low,Positive,Negative,Negative,Positive
31278,mu g ta ne corona ko symptoms dekhay ko manchay ko interview ta ledainas hola k ray..?😠😡 go learn something from apil tirpati,Negative,high,Negative,Negative,Negative,Neutral
24092,nepali bolxes vane.. tero bau garna hindhi boleko....,Negative,medium,Negative,Negative,Negative,Neutral
17501,thanks today we need to go about president system in nepal and don't speak dirty poltice bagam fusi tumach?,Neutral,high,Negative,Negative,Negative,Negative
31947,bichra kati dukhyo hola kati aatinuvyo hola sbjna oh god 😭,Neutral,medium,Neutral,Negative,Negative,Negative
27219,trending 1 ma hunu parcha ❤️❤️❤️,Positive,medium,Positive,Positive,Neutral,Neutral
13769,"fully copied from 'india's best dancer' sadhwi and himanshu's performance ""baho me chali aao"" 😶",Negative,high,Neutral,Positive,Positive,Positive
19097,"yeuta pani wrong size nahune , bro ko shopping skill lai maane.",Positive,high,Negative,Negative,Negative,Neutral
15213,ko yo k t,Neutral,high,Negative,Negative,Negative,Neutral
12078,pagal patrakar k question garne k vanne kehi thaha na vayeko o level ko reporter chi yesto pani nepal ko famous reporter re?,Negative,high,Negative,Negative,Negative,Neutral
20311,khela xa yesto le bollywood ma hawa kura lajmardo,Negative,low,Negative,Negative,Negative,Neutral
27220,"dherai viewer pauna j payo tehi heading narakhnus, kasai ko anuhaar nabechnus. yo kasto channel ho yo??",Negative,medium,Negative,Negative,Negative,Neutral
15883,rip kshitiz bastola boka 😜,Negative,medium,Negative,Negative,Negative,Neutral
19203,dherai dukha lagyo god bless you mielan,Neutral,medium,Positive,Positive,Negative,Negative
18250,luja farmacy tripurashowor ma launu thik hunxa,Neutral,low,Neutral,Negative,Neutral,Neutral
26161,malai ne lst man parx biraj bhatt ko action,Positive,medium,Positive,Negative,Negative,Neutral
16374,xexexe k motawko tesari khana payo vandaii ma k saro khakoo herion hoina grandmother thic hunxaa,Negative,medium,Negative,Negative,Negative,Neutral
24738,great politician 🙏 perfectly said,Positive,high,Positive,Positive,Positive,Positive
13727,didi ko chai boli mithoo lagxa malaiii ❣️,Positive,medium,Positive,Positive,Negative,Neutral
11426,ramri ani hamri binita ❤️,Positive,medium,Positive,Positive,Negative,Neutral
26725,siwnai dharma ho very goood,Positive,high,Positive,Positive,Neutral,Negative
24665,congratulations subani moktan and sujan 💐 lovely and perfect couple 😍👌👍,Positive,high,Positive,Positive,Positive,Positive
15457,xyaa mero desss ujjwal halat valu aaimai jastoo vyoo..,Negative,low,Negative,Negative,Negative,Negative
11710,gulshan bastolao ko ramro xa dance,Positive,medium,Positive,Positive,Negative,Positive
24223,"dheraii vnda dheraiii khusi lagyo yo jodi lai feri sangaiii vyeko hern payeko ma love u both, amit dada and thank u to whole team yo jodi lai feri sangaiii banaiden ma help garidenu vyeko ma",Positive,high,Positive,Positive,Positive,Positive
12413,feri aileko dance ta jhan khatra seema sis love you 😍,Positive,high,Positive,Positive,Positive,Neutral
26950,may kirateshwar parruhang also known as shiva bless the kirat people to save nepal.,Neutral,high,Neutral,Positive,Negative,Positive
18298,sir prakash sir lai b4 rakhnako lagi dinuvayko ma thanks,Neutral,high,Neutral,Positive,Negative,Neutral
10277,fhohar ghar batai xutyaunu prax ree saical (1) ovano fhor (2) chiso geelo phor (3) alag fhor danima rakhnu prax,Neutral,low,Negative,Negative,Negative,Neutral
24169,sarswoti alex and sirjan is best for me,Positive,high,Positive,Positive,Positive,Positive
23042,very interesting and useful interview. thank you dr sab and tikaram jee.,Positive,high,Positive,Positive,Positive,Positive
17522,"apradi lai pany tasary ny marnu parxa bichara tyo xory ko ka dos thiyo sarai man roiyo rep xory timro atmla lai santi milos ,,,😭",Neutral,medium,Neutral,Negative,Negative,Neutral
16087,smart tv maan paraune eta hajir garam and subscribe my channel also plzz 🤗 🤗,Positive,high,Neutral,Positive,Positive,Negative
11721,lasto majja aayo sunna matra ❤ support to saleen sir and good luck 🎉,Positive,high,Positive,Positive,Positive,Positive
11570,ta kahile marxas bude,Negative,medium,Negative,Neutral,Negative,Neutral
24675,kati mitho hasai always keep smile...🙏👍,Positive,medium,Positive,Positive,Positive,Positive
12629,hjur ko number send me,Neutral,high,Neutral,Neutral,Negative,Neutral
14647,baniya g ramro host dherai repeated question nagarera aafnai style ma ramro program chalaunu vayo,Positive,high,Positive,Negative,Negative,Neutral
26113,hindi bolxa ta yo police kun city ho,Neutral,high,Neutral,Negative,Negative,Neutral
23852,aru sag nai ho yo baseko moj gre rw kei sip nalage pxi online aako ho,Neutral,medium,Negative,Negative,Negative,Neutral
19032,wow wwhat a black & white jodi malai ta sarai man paryo mero ta favourite actor & actress po ho ta malai ta ekdam ramro laagyo,Positive,high,Positive,Positive,Positive,Neutral
24666,great nepal like all nepali,Positive,high,Positive,Positive,Positive,Positive
17955,so nice voice keep it up nanu,Positive,high,Positive,Positive,Positive,Positive
10424,ea vagwan hamro desh ma matra kina yasto hunxa 😭,Negative,medium,Neutral,Negative,Negative,Neutral
12089,trained security rakhnu parthyo..,Neutral,high,Neutral,Negative,Positive,Positive
25151,be strong we will always with u ..geet gauna chai naxodnus,Positive,high,Neutral,Positive,Positive,Positive
26748,xyaa ksto nepali vayera nepali lai nai dukha dina khojeko yrr 😭 plz mcc cancel gardinu plzz vagwanko ta dar maannu prxa ni 😭😔,Neutral,medium,Neutral,Negative,Negative,Neutral
22686,preeti ale out hunu prne ho aja but vote le grda uha top 2 ma awnu vyo,Negative,medium,Neutral,Positive,Negative,Neutral
22670,fake prime tv and jocker manish gurung...you are immoral,Negative,high,Negative,Negative,Negative,Positive
17278,yo video title change garera alikati professional rakhnu ni 😏,Negative,high,Neutral,Negative,Negative,Neutral
25908,nepal ma thotro biman layayerw asto durghtna vayeko,Negative,medium,Negative,Negative,Negative,Negative
18860,yo diyeko num ma call garda kahilai recv hudaina so num narakheko ramro hola maele 100 time call gare hola but kahilai recv vayena,Neutral,medium,Neutral,Neutral,Negative,Neutral
24888,kate mani rune video 😭 nanili hayrdata vakano nai futayra aayo 😭,Neutral,medium,Neutral,Negative,Negative,Neutral
25109,kasaile yad nagareko kura paramitale ghalek wrong side ma lagairax hai.ghalek jahile pani left side ma lagaune ho.uhalai thaha nahuna sakx but choreographer ra judge lai thaha hunuparne thiyo.,Neutral,medium,Negative,Negative,Negative,Negative
14836,🥺😭 dai china nagarnu. 🥺 k garnu sochanaii nasak vayo,Neutral,medium,Neutral,Negative,Negative,Neutral
18282,sabitri di lifemaa testo vako vayera nae holaa usle...creme petrol hernu vako,Neutral,medium,Negative,Negative,Negative,Neutral
13655,"paheylo mask launey ra record sunauchu vanney manchey le saai kura gareko ho 👍,emotion ecpression ni real cha 👍🙏,support them ✊.",Positive,medium,Positive,Positive,Negative,Neutral
27854,sandesh subedi lai hataunu parx,Negative,medium,Negative,Negative,Negative,Negative
10592,"paramita is so humble and pretty 😍, para jd - amazing dance 💃- loved it , good luck guys ❤️💝",Positive,high,Positive,Positive,Positive,Positive
13342,kati cute 🥰 nani ho ni aasu nai aayo god blessed you nanu ❤️,Positive,high,Positive,Positive,Positive,Positive
22233,dhurga sir le yo program ma over dami kura garnu vhayo,Positive,medium,Neutral,Positive,Negative,Neutral
26758,pratyusha ko lagi script ready xa hai..producer khojima xu..first sing pratyusha kai hai..,Neutral,medium,Neutral,Neutral,Negative,Positive
12695,herumla madam tmroo pani churti purthi so let see. 🥴,Negative,high,Neutral,Neutral,Positive,Negative
27546,licchavi kaal ma pali bhasa bol thiyo tyo bela hindi basa ko bikas nai vako thiyena . ani arko kura hindi basa nepali bhasa hoina shes from mithila region she should have spoken in maithili language if she’s loyal to nepal .,Neutral,high,Negative,Negative,Negative,Negative
15500,british army ko captain le jathi kamaudo raicha..ani co-pilot le chai sgt le jathi.,Neutral,medium,Neutral,Negative,Negative,Neutral
15297,yo bhayena sab gadi xoddim bimal kushwaha ko sahamatima luck down off garau,Neutral,medium,Negative,Negative,Negative,Negative
24805,very good gaurav g,Positive,high,Positive,Positive,Positive,Positive
24834,yattika maya garne ta aba ko paula yo kt le 👊🏿👊🏿,Neutral,high,Negative,Positive,Negative,Neutral
20001,ganendra dai is good patrotic person.,Positive,high,Positive,Positive,Positive,Positive
14723,hoit dammi 😁😀 nice,Positive,high,Positive,Positive,Positive,Positive
13458,npl ma xito vandha xito bandh garnu prx nvyy sb morx inda jastoo 😘,Negative,low,Positive,Positive,Negative,Neutral
31295,okil hoina fighters ho,Neutral,medium,Negative,Positive,Positive,Neutral
18306,1000 aarya 1 mongol .emandar hunchan mongol,Positive,medium,Neutral,Negative,Negative,Negative
11796,asmita sisko voice ko fan ma pani ho 🙏❤,Positive,high,Positive,Positive,Neutral,Neutral
20376,team prikharle standing ovations tinai judges bata payo but points chahi 9/9/9. at least pashupati sharma lai respect swarup pani 10 dinu parthyo,Neutral,medium,Neutral,Negative,Negative,Positive
15318,rima sapkota dd ko nbr dinu hola plzz,Neutral,medium,Neutral,Negative,Negative,Neutral
11311,aba nepal east india america banla hai !,Neutral,high,Neutral,Negative,Negative,Neutral
21163,"yatri g le ap1 ka captain g ko gulam vauyexan.tapain chhamatawan manxe hunuhunxa, swotantra bannus.",Neutral,medium,Negative,Negative,Negative,Neutral
22637,keti ko song ma keta ko dance hudai vayena.tei vayera flop vako song,Negative,high,Negative,Negative,Negative,Negative
20955,you are amazing diraj sar we are proud of you diraj sar,Positive,high,Positive,Positive,Positive,Positive
11474,overacting suprima out hunu parne,Negative,medium,Negative,Negative,Negative,Negative
27202,xora xadaixa be strong 🙂,Neutral,high,Neutral,Positive,Positive,Positive
13756,prakash okheda sir he is good person ani sonikapani ramro ho tara khai k vayo 1 choti sqj dinxa sabaile tara barbar mistake le garda okheda sir lai asargaryo,Negative,high,Positive,Positive,Negative,Neutral
26180,helth tips and queeze aaudaina,Neutral,medium,Neutral,Neutral,Positive,Positive
19495,19:49 news reporter nai hunuparch. what a clear speech yaar prahari jawan sister ko. great respect!!!,Positive,high,Positive,Positive,Positive,Positive
11938,thiki vo yesto mnxelai kik hanerw,Negative,low,Negative,Negative,Negative,Neutral
27523,pathan vilen lai pani herna paiyo thanks,Positive,high,Positive,Positive,Negative,Positive
11902,hami xam be strong dada,Neutral,high,Neutral,Positive,Neutral,Positive
10684,xyaa sodipnika vanda tw vagawati ley ramro garnu huntheyo but hat's off team rojring 😇,Negative,medium,Neutral,Positive,Negative,Neutral
24760,"best actor of nepal, bipin bk, saugat kushwaha, dayahang rai, arpan pandey",Positive,medium,Positive,Positive,Positive,Positive
22226,naman chha pawondeep ko baba and bahini lai,Positive,high,Positive,Positive,Positive,Negative
26023,pm ko against mudda halnu ta payex i raja ko time ma pauthyo raja lai mudda halnu ta ke bolnu pani pavthyena give me answer?,Neutral,high,Neutral,Negative,Negative,Negative
20768,love marriage ani 3 bachha vaysi dipendrale barbad parexa re .. how can u say that bro ..,Neutral,high,Neutral,Negative,Positive,Negative
31335,simran don't wory satyako jahileni jit hunxa...timi sacho sacho bol jit timrai hunxa,Positive,low,Negative,Negative,Negative,Negative
23725,k sod xa yrrr nepal ko nam lai beswo var chalaunu parxa k bhatta g,Negative,high,Negative,Negative,Negative,Neutral
11621,aaja pani geet gauna layerai xadyo 😂,Neutral,medium,Neutral,Positive,Neutral,Negative
22317,ek dam ramro khusi lagyo kati mahan soch surya ji ko thank you soo much...moile jeh socheko thiye tehi bhayo congratulations both of you god bless you 💏,Positive,medium,Positive,Positive,Positive,Positive
25739,aaushman vagemani mummy ko face jastai cha i love you kamala ❤,Positive,high,Positive,Positive,Positive,Neutral
12576,chor le english boleko tal thukka,Negative,medium,Negative,Negative,Neutral,Neutral
15236,vijaya daii ekdamm fjnnyyy ekdam man parx funny acting,Positive,medium,Positive,Positive,Positive,Negative
26555,nisabda vya ma.. kaha gya true love never die vaner . ane yo k hudai xa 😭,Neutral,high,Neutral,Negative,Negative,Neutral
15199,politics ra power habbi vayo ......!!,Negative,high,Neutral,Negative,Negative,Positive
14529,nepal ko ta airlines ko department nai vayena last year pani tara air vako so sad,Negative,high,Neutral,Negative,Negative,Negative
27754,chor may badi ho,Negative,high,Negative,Negative,Neutral,Negative
14946,gyan bardhak programme thank you,Positive,medium,Positive,Positive,Positive,Positive
27464,"baskota ko condo ma petrol chitkayra aago laganu parcha abo ,,",Negative,medium,Neutral,Neutral,Negative,Negative
21584,jatho mugi k bolcxx,Negative,medium,Negative,Negative,Neutral,Neutral
23273,k hudaix yasto nepal maa,Neutral,medium,Negative,Negative,Negative,Neutral
26308,ma mumbai ma vay pani pal li aati man parawonx i love pal saha,Neutral,high,Positive,Positive,Positive,Negative
10889,duniya lai thaha bhayo police lai thaha hunnnna 😆,Negative,medium,Negative,Positive,Negative,Negative
12361,jagadish sir hajur ko kamm lai salute cha.assta lai thik parnu hoss. india manipur.kanglatongbi hathikhuwa.,Positive,medium,Positive,Positive,Negative,Negative
16229,"yesma achamma ko kura chahi k bhayo? comment negatively na linu hola tara baigyanik ko title dina lai naya kura banauna pardaina?...dynamo, motor, walky talky yesto saman ta aile baneko ho ra mula...",Neutral,high,Neutral,Neutral,Negative,Negative
25146,bolne saili ramro xa and confidence,Positive,medium,Positive,Positive,Positive,Positive
26378,yo sale suray ko tal her janta dhungel ji you are great salute,Neutral,high,Negative,Positive,Positive,Positive
20726,jhapa extra no 2 ko up det pathaunus,Neutral,high,Positive,Negative,Negative,Negative
27725,yo abisek vne ko goru ho,Negative,high,Negative,Negative,Negative,Neutral
12177,amazing nanu keep it up,Positive,high,Positive,Positive,Positive,Positive
24590,ahaa tapain prerena dayek manis thank you adhikari jiu 🙏,Positive,medium,Positive,Positive,Positive,Positive
14158,nani kati khusi va ko thank u sir hjur,Positive,medium,Positive,Positive,Negative,Negative
15006,wowww great job 👏 ekdamai khushi lgyo daju ko talent lai dekhera sabai le support grnu pryo,Positive,medium,Positive,Positive,Positive,Neutral
18481,uniq poet ra symfamous lai launu paro naresh dai,Neutral,medium,Positive,Negative,Negative,Negative
13141,very very thanks . rupak sir jiu lai dherai khushi lagyo. return aaunu ko lagi. god bless you.,Positive,high,Positive,Positive,Negative,Positive
15985,janardan sharma ....rip rip rip,Negative,high,Negative,Negative,Negative,Positive
24181,great good jobs mero desh nepal ko police lai salute xa mero,Positive,high,Positive,Positive,Positive,Negative
23415,yo dhal hawa hoo,Negative,medium,Negative,Negative,Negative,Neutral
17070,tyo kt ko akdin asto din aayos rune magne din aayos,Negative,medium,Neutral,Positive,Negative,Neutral
27023,confident chai thikka matra vako ramro hae alija ko... not over.. anyway you are good then sushma rokka 😊💕,Positive,high,Positive,Positive,Positive,Positive
19464,baru pubg khelni lai ni gaar nah promote...,Neutral,high,Neutral,Negative,Negative,Neutral
13106,roshika path garera basa,Neutral,medium,Neutral,Neutral,Neutral,Positive
25523,dr ko clnik kaha xa hola,Neutral,medium,Neutral,Neutral,Negative,Neutral
27295,aj ta kati dami garnu vko sanjeev and xiring g dress ni utikei mach vko love you bouth ❤,Positive,medium,Positive,Positive,Neutral,Negative
14695,esto romantic interviw liye pxi npli kt indian kta khojxan hai,Neutral,low,Negative,Negative,Positive,Neutral
31780,surya airlines kaha chalna ho ra,Neutral,high,Neutral,Negative,Negative,Neutral
23374,koi sanga jhugdaina tara janta sanga jhugchu wow kasto ramro mahan bichar proud of you prayas sir hats off,Positive,medium,Positive,Positive,Positive,Positive
22291,"bikram bhadaur ji lie smart city ucharan garnai garo vayo ,dadelhura ra samaggra desh ko bikash garna kati kathin hola taw,aru candidates haru ko development strategies nai xaina.tehi vayera vote for youth,vote for aayush dhungana",Neutral,medium,Neutral,Positive,Negative,Negative
15356,wow kostyo maya bro ra sis ko,Positive,high,Positive,Positive,Positive,Positive
26923,"mero lai aaja black day bhayo,,,,,",Negative,high,Negative,Positive,Negative,Positive
17246,yauta ko mistake ly garda aarko ly pani xoddnu badiya vayo yo stage 😎,Neutral,high,Negative,Positive,Negative,Neutral
21277,dinesh chaudhary anpad muji,Negative,low,Negative,Neutral,Positive,Negative
10720,ati ramro cha voice bro ko best of luck,Positive,high,Positive,Positive,Negative,Positive
31378,rajtantara gindabad good kam sarkarko,Positive,medium,Positive,Positive,Positive,Positive
25762,pagal vayo g bob wid khayrw aaru ko sangat ma belai ma xod dey bro 🙏,Negative,high,Positive,Positive,Neutral,Neutral
12550,aba ko pm prakash baa amale jindabad,Neutral,high,Positive,Positive,Neutral,Negative
16536,madarchood khate hru justic for pal shah vaner karaune hru msg cmnt garne hru youtube ma camera dekhyo ki bolne hru yeha yo kt ko lagi koi boldina tw 👊😡,Negative,medium,Negative,Negative,Negative,Neutral
24751,daju hjr nane li ramro saga khal garnu hjr hjr hjr hjr hjr hjr hjr,Positive,medium,Negative,Neutral,Negative,Neutral
18840,kata janu vo dr.mahabir pun daju...,Neutral,medium,Positive,Neutral,Neutral,Neutral
31834,yetro thulo show ma euta kunai musical instrument ta rakhnu parcha 🤐,Neutral,high,Neutral,Negative,Negative,Neutral
24407,sale chor haru no mcc,Negative,medium,Negative,Neutral,Neutral,Neutral
14586,please nronu please please,Neutral,high,Neutral,Negative,Negative,Neutral
25272,pardip sir thapi le harnu hundai xa vane yesto kukur haru pachi lakcha yesto li gn agii bare ganu parcha hoi sir hami support ma xu ❤ sala nepali ko dusman nepali nii huncha thuka nepali vanu pni lagg aaja proud hunu parne,Negative,medium,Positive,Positive,Negative,Negative
25578,dr. sanduk ruit dr. mahabir pun and er. kulman ghising they are real hero of the nepal,Positive,high,Positive,Positive,Positive,Positive
19671,dd ma xu hjr ko satha ma ma pani ladnexu dd +918511449587,Neutral,medium,Neutral,Neutral,Neutral,Neutral
21681,wow pul da le dami vannu vayo,Positive,medium,Positive,Positive,Positive,Positive
18703,tyo bacha ko samuni kina testo,Neutral,medium,Negative,Negative,Neutral,Neutral
18162,thankyou dr mansur ji 🙏 hjr ko language prati pani uchcha samman x mero,Positive,medium,Positive,Positive,Positive,Neutral
17763,kenopama out vayo abo herdin,Negative,medium,Negative,Negative,Negative,Neutral
26234,i salute to all sir. hajur le mero maan ko kura bhannu bhayo sir. nepali public jasto simple mehnti yo duniya ko dosro desh ma bhetaun garho hola. desh ka public le ek imaandar neta payo bhane nepal nai yo duniya ko swarg ho ra rahnexa.,Positive,medium,Positive,Positive,Negative,Negative
18549,chand lai tetro mann pareko ...uffff,Negative,medium,Neutral,Negative,Negative,Negative
31627,hera buda royako 4 kidney ... chya chya ....,Negative,medium,Negative,Neutral,Negative,Neutral
23850,"sarasoti bahini wow 😮, that’s called what a dance 💃🏻",Positive,high,Positive,Positive,Positive,Positive
17234,"kya romantic shekhar,, good luck..",Positive,high,Positive,Positive,Neutral,Positive
26471,background music chai banda garnai parxa. it's annoying and disturbing the interview,Negative,high,Negative,Negative,Negative,Negative
17500,"aruko alochana sunna ni nasakne ra galti ko atma samikxya ni garna nasakne. party vitra democracy khattam parne ra afu nei saap vanda baliyo vanera sochne manxe ra antim ma vitra chai khokro. mahat ba, please desh lai baksinus.",Negative,medium,Negative,Negative,Negative,Negative
15664,randi radi vhalu rip rip rip,Negative,high,Negative,Negative,Negative,Negative
16378,yk dm khusi lagyo patra kar vneko t yasto hunu prx ronit sir mero mn khusi vyo,Positive,low,Positive,Positive,Negative,Neutral
31818,sala chor des bechuwa kina chaiyo mcc hamilai,Negative,low,Negative,Neutral,Negative,Neutral
18012,ahile samma kai sabai vhanda man pareko jeban sathi ko program yehi lagyo really made for each other malai ekdamai man parne jodi vhyera pani hola sayed best wishes ❤️❤️,Positive,medium,Positive,Positive,Negative,Negative
10466,"came here after watching dr. diljan , in tamasoma jyotirgamya",Neutral,high,Neutral,Neutral,Positive,Positive
23011,auta lay chak lay bolne arko lay demak lay,Negative,medium,Negative,Negative,Neutral,Neutral
25970,ur absolutely right yuvraj sir,Positive,high,Positive,Positive,Positive,Negative
19330,xitai hernu man x part 3,Positive,high,Positive,Neutral,Positive,Neutral
16257,risilai kutxan hola hai haha 😊,Negative,low,Neutral,Positive,Negative,Neutral
18571,dai mayor ma uthna parxa plss,Positive,medium,Neutral,Negative,Neutral,Neutral
27388,chuppp vaag khate gurung chor ksm pitda ni kei hunna gurung laai cmnt padxas kailai,Negative,low,Negative,Negative,Negative,Negative
16867,hahahaha police laa 1 sort chai baba vataioo k dameee lagoo malai chai hahahaha 🤣,Positive,medium,Negative,Positive,Negative,Negative
20734,sojho kto sojho mitho bolne creative pani keep it up urgen bro asmita ta koili vaihalyo,Positive,medium,Positive,Positive,Neutral,Neutral
13093,aja hajur ko vocal ma different dekhiyo,Neutral,high,Neutral,Negative,Neutral,Neutral
14994,winner aayush pni xa t,Neutral,medium,Neutral,Positive,Positive,Positive
24096,mara dai vaib namaskar,Neutral,medium,Positive,Positive,Neutral,Negative
10460,1000 million ma pugoss tpaiko like,Positive,high,Neutral,Neutral,Negative,Neutral
25946,aahile kura manera 5)6 months hernu .. navaye .. feri andolan garda hunxa ta ..,Neutral,low,Neutral,Neutral,Negative,Neutral
14012,k p baa timi out aba,Negative,high,Negative,Negative,Negative,Neutral
25433,wow what a great interview by sahi g. ho yesari question answers garnu parxa patrakar aafai sudhinxa.,Positive,high,Positive,Positive,Positive,Positive
22327,ramro xa bhaini tapai ko voice god bleess u,Positive,medium,Positive,Positive,Negative,Neutral
23823,kadto nonsence camera ko agadi. kasari badne vanne tha chaina baat karte ho,Negative,medium,Negative,Negative,Negative,Neutral
20271,vayo ahile ma australia ayera ramro salary khanxu i think yo vaiilai pani rehab center lagera 1 chance dinuparxa 🙏🏾🙏🏾 sudrina sakxa,Neutral,medium,Neutral,Positive,Negative,Neutral
14617,bhim rawal anysis is really good 👍. and serious matter.,Positive,high,Positive,Positive,Positive,Positive
15778,"i like priti but she is not so stable .. jo snga film khelyo tei snga love parxa . like frst ma sudarsan , bimal , bimal and now akash .. afu kei kura confirm navai i don’t think u should flash it . i hope u get a good partner soon . take it in a +ve way 😊",Negative,high,Neutral,Positive,Neutral,Positive
10827,khate media haru sala .... independent vnya nai bujhdainnn sala bou ko bhat khayera interview linxann ani and qsn garna sakdainn,Negative,medium,Negative,Negative,Negative,Neutral
26254,"yo ta like ra share garda punya milxa ,,,,roshanee chaudary diju jinadabad",Positive,medium,Neutral,Negative,Negative,Negative
31932,bipul chettri is not from nepal 🙏,Neutral,high,Negative,Neutral,Negative,Negative
10073,haso controle dherai vo madan bro.,Neutral,low,Positive,Neutral,Neutral,Neutral
25832,kina chauris marich aafnail pirole..,Neutral,medium,Negative,Negative,Negative,Neutral
13502,thagyo ani election ko bela ma vote magna aauxa .,Negative,high,Neutral,Neutral,Negative,Neutral
22514,aru patrakarle kasari qtn sodhne vanera hamro samaji bata sikun.,Positive,low,Negative,Negative,Negative,Neutral
13818,"arjun sir ko bole tai ho ta ta ma ma. but did nice things. 😄😀 don jasto, a bola, a aijha haha",Negative,high,Neutral,Positive,Neutral,Negative
16172,sarai ramro nachanu hunx sudhir dada best of luck,Positive,medium,Positive,Positive,Negative,Positive
12622,mata yo vedio paila nai herisakeko thiyo tyo belani ma sarai ruyeko thiye aaj pani dohorayera here aaj pani sarai ruye. kina ki khulera man bat bolnu voo god bless u from hong kong,Neutral,medium,Neutral,Positive,Negative,Negative
10700,ruda ni kati nasuhako acting vayesi,Negative,medium,Negative,Negative,Negative,Neutral
31518,this malhotra family is behind maiya maharjan ko case .. boycott them .. fake feminist haru .. euta mahila bepata huda political power use garera dabauna khojne...,Negative,high,Negative,Negative,Negative,Negative
23161,nepalko noon khayra indea ko barema boxes girini 😠,Negative,medium,Negative,Negative,Negative,Neutral
31266,aj subedi sir makhha balan sir ko kura le akdam ramro balan shah please all nepalis people support balan shah,Positive,high,Positive,Positive,Positive,Negative
15112,musa palaudaima testo xixixi,Negative,medium,Negative,Positive,Neutral,Neutral
12136,phuyal le gajjabko dhulai vetyo hats of sujan sahi ❤ jay nepal,Positive,medium,Positive,Positive,Negative,Neutral
27338,dai hajur lai dhrai saman 🙏🏼 ani tha didi lai pani mero mon bata maya saman god bless you didi and babu ♥️♥️,Positive,high,Positive,Positive,Negative,Negative
27004,tapaile. tyo. narayan. yadav. ko. pikchar. kin. yutuib. ma. haleko. chhaina,Neutral,medium,Negative,Negative,Negative,Negative
17773,kasto.. na bujako.. lata hw..,Negative,medium,Negative,Neutral,Negative,Neutral
12471,dherai paxi good news sun na paiyo,Positive,high,Positive,Positive,Positive,Neutral
24750,a to z capital ra small handwriting lay khera copy ma likne vannu na,Neutral,high,Negative,Neutral,Negative,Neutral
18776,ap1 laudey live garna football game nepal vs india ko,Negative,high,Neutral,Neutral,Positive,Neutral
23450,2tyms 2hubby 😃 eutae show ma 😂,Neutral,high,Neutral,Positive,Negative,Neutral
13496,worlds ma gorkha army liked vanda haters countries dherai xan we must know it first .,Neutral,high,Neutral,Negative,Positive,Neutral
31858,yesto kura garnu mildain kya rising dhamla,Neutral,low,Positive,Negative,Neutral,Negative
12575,baba jamanama dada nai the jasto chh,Negative,medium,Neutral,Negative,Positive,Neutral
23030,nam nai anmol manxi nai anmol god bless you anmol,Positive,medium,Neutral,Positive,Negative,Negative
21653,kati simple haw hamro raja.... gre8 work... raaja aau desh bachau,Positive,medium,Positive,Positive,Negative,Negative
10382,suyog sirlai mero prasna bhauju ra momy maa kunai 1lai rojnu paryo bhane kaslai rojnu hunxa plz answer dinus has sir,Neutral,medium,Neutral,Negative,Negative,Neutral
13340,lovely dance seema 🌹,Positive,high,Positive,Positive,Positive,Positive
18015,harenxa abo mero best program,Positive,high,Positive,Positive,Positive,Positive
23929,bir balvadra big respct,Positive,medium,Positive,Neutral,Positive,Negative
10470,tyo bhai menatally sick vayeko ho. .he is depressed as he is innocent in nature. .,Negative,high,Negative,Negative,Negative,Negative
25519,pahela yo dd loi risuthiyo aheliy bechara maya layo yo dd ko 😭,Neutral,medium,Neutral,Negative,Negative,Neutral
18043,yasto deuta jasto sriman 😭 sita k garya taile 😭,Neutral,medium,Neutral,Negative,Positive,Neutral
22674,real hero....go ahead meyer jiu...nepalese people with you....,Positive,high,Positive,Positive,Positive,Positive
24877,"tara bhai alik dher bholne , cheto bholne",Negative,low,Neutral,Neutral,Negative,Negative
24696,some one why not qashin hindu or sanatan is what?,Neutral,high,Neutral,Neutral,Neutral,Neutral
21407,"aba lipstick, kaajal, pote, churaa lagaayara hidnus hola.......",Neutral,medium,Negative,Neutral,Negative,Neutral
21269,ramro tarka dinu bhayo uraj sir 🙏,Positive,low,Positive,Positive,Negative,Negative
14034,bujhne langauage maa po dubbing garnu paryo ni,Neutral,medium,Neutral,Negative,Negative,Neutral
25139,laxman ji lai 1 hr dhunga bokaune as a labour tourist ..... its a great thinking....... sharmik tourist new concept....,Positive,high,Positive,Positive,Positive,Positive
17014,realy u r great and your thinking youraj dae but which is deepa shree.,Positive,high,Positive,Positive,Positive,Positive
27514,my dreams girl anjali sanu i love u so so much...,Neutral,high,Positive,Positive,Positive,Positive
12070,bhusan dahal g kantipur chodera ap1 ma,Neutral,medium,Neutral,Negative,Neutral,Neutral
14796,teso bhaye euta geet gaunus,Neutral,medium,Negative,Positive,Negative,Negative
26999,good work suyog dai,Positive,high,Positive,Positive,Positive,Positive
17992,what the fuck??? duniya ma corona xaina nepal ma natak,Negative,high,Negative,Negative,Negative,Neutral
10387,sishir sir lai aba pm baneko herna paam,Positive,medium,Neutral,Positive,Negative,Neutral
25693,wow asai gare hjr ko git agadi linu hjr ko sapai canal herraheko xu yo vanda pani ajai ramro git liyarw aaunu uear voish i lick u in love you i miss you i miss you,Positive,high,Positive,Positive,Positive,Negative
10597,kasto bhayo one year paxi akchoti update garidinu paryo smart tv,Neutral,medium,Neutral,Neutral,Positive,Neutral
22533,dhanne bad hajur annyay lai nyay paunu parx,Positive,medium,Neutral,Negative,Negative,Negative
24658,ksto bidham bana vakano phutira moi aayo 😭,Neutral,medium,Neutral,Negative,Negative,Negative
24064,hindi movie nepal ma chalauna hune . nepali movie translate garera india ma chalna kina nahune ??? akhir ma india ma yo flim chaleni hamro desh ko charcha hune ho. nepal lai chinaune ho kya re.. yo flim chalna parxa ....❤️❤️❤️❤️❤️❤️,Positive,high,Neutral,Positive,Negative,Neutral
24944,pandey budi samal des banaune manxe line ma xan...,Negative,medium,Neutral,Neutral,Negative,Neutral
21902,nepali movie hindi ma release hunda hami indian nepali garkha hrulai dherei khusi xo ..thank you sishir bhai ....,Positive,high,Positive,Positive,Negative,Positive
24818,aja binod deuja kinna question garna alik najane jasto x ni y,Negative,medium,Negative,Neutral,Neutral,Neutral
17277,punarmilan ko lagi subhkamana xa godbless both of you and thanks for your help umesh deuja,Positive,high,Positive,Positive,Positive,Positive
25758,ratnapark ko money heist herera inspire bhayejasto cha chor,Negative,medium,Negative,Positive,Negative,Negative
25723,malai ta ke lakhna sakina..😭,Neutral,medium,Neutral,Negative,Neutral,Neutral
27215,"yo kukurni lai apnayera k garnu voli tapai ko jyan nai jokhim , baru narakhnu bess divorce dinu . masale kukurni lai vutte khukuri le chinaunu parthyo khoon nai naaune gari . lets wish happy life to lahure with out her",Negative,medium,Negative,Negative,Negative,Negative
12694,tapaeko name amer rahane6 roshanee samsad gyu,Positive,low,Neutral,Negative,Negative,Neutral
20303,tapai jasto buwa kamai le payako hunx proud of u keep support.. 👍,Positive,medium,Positive,Positive,Positive,Positive
13090,amrit pradhanang hamro full support xa,Positive,medium,Positive,Positive,Positive,Positive
12503,interview line pani kasto k dubai paxe face to face rakhera po line ta,Neutral,high,Neutral,Neutral,Negative,Neutral
18678,kaka timro dinganti suru vo!,Negative,medium,Neutral,Positive,Negative,Neutral
26854,bipul ?? darjeling ko hyna bipul chettri,Neutral,low,Neutral,Negative,Negative,Negative
24815,kun angle bata celeberity xas re tori haru,Negative,medium,Negative,Positive,Positive,Neutral
26387,yo nepal ko plce ganta jasto des ko thula thula wain sap band garana mg haru,Negative,high,Negative,Negative,Negative,Negative
22582,teslai vitra aaunw pani denw hudainw,Negative,low,Negative,Neutral,Neutral,Negative
24362,anuhar herna netako . sai ho . no mcc no mcc,Neutral,medium,Negative,Negative,Negative,Neutral
16989,sir i am from bajura hatts up uuu mero bajura kaila yestoo hola gambir soch ma xuu sir,Neutral,medium,Neutral,Positive,Positive,Negative
22627,simrsn ma lai pani flow gars hsi tik tok ms,Neutral,high,Neutral,Negative,Neutral,Neutral
16292,wow sabailai nepal ma raja nai ramro ❤️❤️❤️,Positive,high,Positive,Positive,Positive,Negative
10192,so funny darma always sister and love you all 😂🤣😂😊🤣❤🙏,Positive,high,Positive,Positive,Positive,Positive
10503,aakhir satyaako jit hunxa ujjwal sir we are proud 🙏 🙏,Positive,medium,Positive,Positive,Positive,Positive
24075,anish sir bolna dinus na,Neutral,high,Neutral,Negative,Negative,Neutral
26933,yedi jabarjasti aru ko ixcya biparit testo vayeko ho vane thikai cha but yedi aafnai icchya le sarir bechiyeko ho vane leave them.. ...money talks bro...,Neutral,medium,Negative,Negative,Negative,Negative
27978,kasto khalko chora hola aafnui janma dinay amalai booj maanay.....usko choralay pni tastoi garxa future ma ....thanks dee ur very kind hearted ....amako life change gri dinu vako ma ...god bless u dee...,Negative,high,Positive,Positive,Negative,Positive
12909,reenu is best....hjr lai hamro support x,Positive,high,Positive,Positive,Positive,Positive
25345,arka ko ghar bigarne valo,Negative,medium,Negative,Neutral,Neutral,Neutral
23515,manish lamichane sanaga compition garcha. gafadi,Neutral,low,Positive,Negative,Negative,Neutral
10530,achal sharma least hated person....👿🙏,Neutral,medium,Negative,Negative,Negative,Positive
12064,on elections as well as sanghiyata systam.,Neutral,high,Neutral,Neutral,Positive,Positive
17155,"4 jana manche lai hospital ma thau napugera. air plan ma germany arko des ko hospital thau khali bako hospital ma lagi raheko x,birami haru lai speed tren ma najik ko des ko thau bayako hospital ma lagi rakheko x",Neutral,high,Neutral,Neutral,Negative,Negative
18528,"high cast bara tallo gaye vane dukho paincha tara, low cast bara high cast ma ayo vane dukho paiendaina.sasural ma low cast buhari accept hnxh tara high cast kt low cast kta sanga gayo vane afnu maiti le ghrina garxhn experience xh malai.",Negative,high,Neutral,Negative,Negative,Negative
19006,yo media harule suru suru ma vairal garaux pxi pxi naramro garxan khutta tanxan,Negative,medium,Negative,Negative,Neutral,Neutral
31110,ati maya garni sirman vagyamanile matra paux,Positive,medium,Neutral,Negative,Negative,Neutral
17984,distopp voo tyooo clock ko sound le.,Negative,medium,Negative,Neutral,Neutral,Neutral
14601,"yo doller kosari, kina, kaha bata prapt gareko ???? patta gorus police le .",Neutral,medium,Negative,Negative,Negative,Neutral
14018,"rishiram regmi don""t know about the film industry, a re ashish sir aba indian le nepali language sikera herna paryo",Neutral,high,Neutral,Negative,Negative,Negative
21557,oi madan practically question gar hechada jasto hasxaa sala,Negative,medium,Negative,Negative,Negative,Neutral
18103,"* election ko kharcha uthauna petroleum ko price hike garne sanga alliance government sanga ,rpp ko jhapa sthit lingden constituency ko rural municipality maa gayera herda hun6.",Negative,high,Neutral,Negative,Negative,Negative
13151,happy tihar good mornig punjab bat,Neutral,high,Positive,Positive,Positive,Positive
16353,pailo patak nepal police ko ramro kam herna payo. salut xa. all time haru lai,Positive,medium,Positive,Positive,Negative,Positive
25824,jiban sathi vanekai yestai jodi ho best of luck,Positive,medium,Positive,Positive,Positive,Positive
10896,baicoat anmol k c moveis reason only kshitiz kushwaha 😡,Negative,medium,Negative,Negative,Neutral,Neutral
26666,choroko name ma kuputra ho sala,Negative,high,Negative,Negative,Negative,Neutral
12732,sarmila sister kta janu vayo hau,Neutral,medium,Neutral,Negative,Positive,Neutral
10921,prajjwal sir ko powerful words wow ♥️♥️yesto kt lai k accept garnu huncha brother koi ta hola hajur ko dukha buujhne god bless you 🙏 be strong brother,Positive,high,Positive,Positive,Positive,Negative
31628,surya ji ali illogical lagyo compared to ram kumari jhakri.,Negative,high,Negative,Negative,Negative,Positive
13758,jay 🇳🇵 🇳🇵 🇳🇵 nepal..we r proud to b nepali..hami sabai janta milera hamro desh bachaunu par6..,Positive,medium,Positive,Positive,Positive,Positive
15309,dont worry bro. kalo gaye goro aauchha..tyo randi lai pap lagchha...,Negative,high,Neutral,Positive,Negative,Positive
10708,kasto papi ghar beti ho yesto belama k gare ko,Negative,medium,Neutral,Negative,Negative,Neutral
22663,amit sir ko aawaja sunlae 7/8 mhina kuriyo miss you amit sir,Neutral,medium,Positive,Positive,Neutral,Negative
16418,patrakar jiu yo sriman vanauda lai ali point wise question sodhnu hos,Neutral,medium,Negative,Negative,Neutral,Neutral
16358,g bob brother don’t worry khutta taanne dherai hunxa tmi agadi bada janta tmro sath ma xa🇳🇵❤️❤️,Positive,medium,Positive,Positive,Negative,Negative
22738,xaakriee d d i love u ..tapaiee xasto nepali d d ko lagiee mero sallaamm,Positive,high,Positive,Positive,Negative,Negative
14077,jasto dekhiyo suniyo tei coment garxan bojew,Neutral,low,Negative,Negative,Neutral,Neutral
11840,ama swaro n nmste hjrli,Neutral,medium,Neutral,Negative,Negative,Neutral
10142,youbraj lama sar very good 👍,Positive,high,Positive,Positive,Positive,Positive
22092,dukha lagyo 😭 k vanu khoi sabda vetin,Neutral,low,Neutral,Negative,Negative,Neutral
26693,kehi kam xaina aba yasma pani dabauna thaleko . sajeet sir most tallant.,Neutral,medium,Positive,Positive,Negative,Positive
11854,yo kt paula shah le i love u vannu vane she is happy. wa wa pagal. kam garera dekha but binit shah is innocent pagal.,Negative,high,Negative,Positive,Positive,Negative
26290,yo rishiko sodhne tarika nai xaina,Negative,low,Negative,Negative,Neutral,Negative
24625,feri aunu vayo sidha kura liyara janata le feri kehi suraxit vayako mahasus vayeako xa good luck sir go ahead we are with you forever,Positive,medium,Positive,Positive,Negative,Negative
12518,chor ani dhokebaaj all khateharu specially mr anish lamjchane,Negative,medium,Negative,Negative,Positive,Negative
14104,great work dada 😄☺️ khushi lageo,Positive,high,Positive,Positive,Positive,Positive
26142,* rpp regime maa nepal maa ko badhi sadachari ( honest) ? competition hune6.,Neutral,medium,Neutral,Negative,Negative,Negative
17569,"panday question is good.denish katwal is playing hide n seek. aile samma nepal ko hari gatee raja ra rajaka pals dekhi khai pai bhardwar, rajauta ra aayeka karmachari hari le garda ho . laaj chhaina",Negative,medium,Negative,Positive,Neutral,Negative
26438,k garxa kit na sak aausa d lea,Neutral,high,Negative,Negative,Positive,Neutral
15816,nepal ma l 6 na aircaft na tanker bhikari desh k dekhako yasto,Negative,high,Neutral,Negative,Negative,Neutral
16527,make devorce best kura sunda,Neutral,medium,Positive,Neutral,Positive,Positive
17596,kati ramro dai raixa yr,Positive,medium,Positive,Negative,Negative,Positive
26513,yestai video haru ones against,Neutral,medium,Negative,Negative,Negative,Neutral
19349,salam xa didi bichara banu 😭,Neutral,low,Positive,Negative,Negative,Positive
26833,"thutuno xopera bolne garnu hola please!tapai ,hami sabaiko safety ko lagi ho so, please sabaile bujne kosish garnu hola. ..!",Negative,medium,Neutral,Negative,Negative,Positive
13373,once more we want to see in the stage sunitosh,Positive,high,Positive,Positive,Positive,Negative
13298,waaaw super job 👍🙏 good baba yekdam ramro 👌,Positive,high,Positive,Positive,Positive,Positive
10472,nanu ko thulo friend vaye ma pani,Neutral,high,Positive,Negative,Negative,Negative
25912,himalaya tv english channel ho ki nepali channel k sachaii nepali hoena english ma matrw question,Neutral,high,Neutral,Neutral,Negative,Neutral
